0.000000000000e+00 0.000000000000e+00
1.000000000000e-06 0.000000000000e+00
1.010000000000e-06 7.886904270878e-03
1.020000000000e-06 1.570104958420e-02
1.030000000000e-06 2.344565066205e-02
1.040000000000e-06 3.112089539143e-02
1.050000000000e-06 3.872707228246e-02
1.060000000000e-06 4.626459289056e-02
1.070000000000e-06 5.373390635955e-02
1.080000000000e-06 6.113546925797e-02
1.090000000000e-06 6.846973772180e-02
1.100000000000e-06 7.573716565107e-02
1.110000000000e-06 8.293820433180e-02
1.120000000000e-06 9.007330236961e-02
1.130000000000e-06 9.714290568841e-02
1.140000000000e-06 1.041474575422e-01
1.150000000000e-06 1.110873985294e-01
1.160000000000e-06 1.179631666078e-01
1.170000000000e-06 1.247751971088e-01
1.180000000000e-06 1.315239227530e-01
1.190000000000e-06 1.382097736641e-01
1.200000000000e-06 1.448331773839e-01
1.210000000000e-06 1.513945588865e-01
1.220000000000e-06 1.578943405930e-01
1.230000000000e-06 1.643329423857e-01
1.240000000000e-06 1.707107816224e-01
1.250000000000e-06 1.770282731507e-01
1.260000000000e-06 1.832858293216e-01
1.270000000000e-06 1.894838600044e-01
1.280000000000e-06 1.956227725998e-01
1.290000000000e-06 2.017029720544e-01
1.300000000000e-06 2.077248608742e-01
1.310000000000e-06 2.136888391384e-01
1.320000000000e-06 2.195953045132e-01
1.330000000000e-06 2.254446522649e-01
1.340000000000e-06 2.312372752743e-01
1.350000000000e-06 2.369735640492e-01
1.360000000000e-06 2.426539067383e-01
1.370000000000e-06 2.482786891445e-01
1.380000000000e-06 2.538482947379e-01
1.390000000000e-06 2.593631046691e-01
1.400000000000e-06 2.648234977821e-01
1.410000000000e-06 2.702298506277e-01
1.420000000000e-06 2.755825374761e-01
1.430000000000e-06 2.808819303298e-01
1.440000000000e-06 2.861283989365e-01
1.450000000000e-06 2.913223108018e-01
1.460000000000e-06 2.964640312019e-01
1.470000000000e-06 3.015539231962e-01
1.480000000000e-06 3.065923476398e-01
1.490000000000e-06 3.115796631957e-01
1.500000000000e-06 3.165162263477e-01
1.510000000000e-06 3.214023914125e-01
1.520000000000e-06 3.262385105517e-01
1.530000000000e-06 3.310249337845e-01
1.540000000000e-06 3.357620089993e-01
1.550000000000e-06 3.404500819660e-01
1.560000000000e-06 3.450894963483e-01
1.570000000000e-06 3.496805937150e-01
1.580000000000e-06 3.542237135524e-01
1.590000000000e-06 3.587191932759e-01
1.600000000000e-06 3.631673682414e-01
1.610000000000e-06 3.675685717579e-01
1.620000000000e-06 3.719231350980e-01
1.630000000000e-06 3.762313875103e-01
1.640000000000e-06 3.804936562303e-01
1.650000000000e-06 3.847102664924e-01
1.660000000000e-06 3.888815415405e-01
1.670000000000e-06 3.930078026402e-01
1.680000000000e-06 3.970893690892e-01
1.690000000000e-06 4.011265582292e-01
1.700000000000e-06 4.051196854564e-01
1.710000000000e-06 4.090690642329e-01
1.720000000000e-06 4.129750060976e-01
1.730000000000e-06 4.168378206773e-01
1.740000000000e-06 4.206578156974e-01
1.750000000000e-06 4.244352969925e-01
1.760000000000e-06 4.281705685178e-01
1.770000000000e-06 4.318639323591e-01
1.780000000000e-06 4.355156887440e-01
1.790000000000e-06 4.391261360520e-01
1.800000000000e-06 4.426955708255e-01
1.810000000000e-06 4.462242877800e-01
1.820000000000e-06 4.497125798144e-01
1.830000000000e-06 4.531607380216e-01
1.840000000000e-06 4.565690516987e-01
1.850000000000e-06 4.599378083574e-01
1.860000000000e-06 4.632672937339e-01
1.870000000000e-06 4.665577917990e-01
1.880000000000e-06 4.698095847689e-01
1.890000000000e-06 4.730229531140e-01
1.900000000000e-06 4.761981755701e-01
1.910000000000e-06 4.793355291474e-01
1.920000000000e-06 4.824352891410e-01
1.930000000000e-06 4.854977291402e-01
1.940000000000e-06 4.885231210386e-01
1.950000000000e-06 4.915117350436e-01
1.960000000000e-06 4.944638396862e-01
1.970000000000e-06 4.973797018306e-01
1.980000000000e-06 5.002595866835e-01
1.990000000000e-06 5.031037578038e-01
2.000000000000e-06 5.059124771120e-01
2.010000000000e-06 5.086860048996e-01
2.020000000000e-06 5.114245998385e-01
2.030000000000e-06 5.141285189901e-01
2.040000000000e-06 5.167980178146e-01
2.050000000000e-06 5.194333501802e-01
2.060000000000e-06 5.220347683724e-01
2.070000000000e-06 5.246025231029e-01
2.080000000000e-06 5.271368635185e-01
2.090000000000e-06 5.296380372105e-01
2.100000000000e-06 5.321062902233e-01
2.110000000000e-06 5.345418670631e-01
2.120000000000e-06 5.369450107076e-01
2.130000000000e-06 5.393159626136e-01
2.140000000000e-06 5.416549627267e-01
2.150000000000e-06 5.439622494895e-01
2.160000000000e-06 5.462380598506e-01
2.170000000000e-06 5.484826292727e-01
2.180000000000e-06 5.506961917416e-01
2.190000000000e-06 5.528789797745e-01
2.200000000000e-06 5.550312244286e-01
2.210000000000e-06 5.571531553092e-01
2.220000000000e-06 5.592450005785e-01
2.230000000000e-06 5.613069869635e-01
2.240000000000e-06 5.633393397648e-01
2.250000000000e-06 5.653422828641e-01
2.260000000000e-06 5.673160387331e-01
2.270000000000e-06 5.692608284411e-01
2.280000000000e-06 5.711768716637e-01
2.290000000000e-06 5.730643866900e-01
2.300000000000e-06 5.749235904314e-01
2.310000000000e-06 5.767546984291e-01
2.320000000000e-06 5.785579248623e-01
2.330000000000e-06 5.803334825559e-01
2.340000000000e-06 5.820815829882e-01
2.350000000000e-06 5.838024362992e-01
2.360000000000e-06 5.854962512976e-01
2.370000000000e-06 5.871632354693e-01
2.380000000000e-06 5.888035949844e-01
2.390000000000e-06 5.904175347053e-01
2.400000000000e-06 5.920052581939e-01
2.410000000000e-06 5.935669677194e-01
2.420000000000e-06 5.951028642656e-01
2.430000000000e-06 5.966131475388e-01
2.440000000000e-06 5.980980159743e-01
2.450000000000e-06 5.995576667449e-01
2.460000000000e-06 6.009922957674e-01
2.470000000000e-06 6.024020977101e-01
2.480000000000e-06 6.037872660003e-01
2.490000000000e-06 6.051479928311e-01
2.500000000000e-06 6.064844691691e-01
2.510000000000e-06 6.077968847611e-01
2.520000000000e-06 6.090854281411e-01
2.530000000000e-06 6.103502866379e-01
2.540000000000e-06 6.115916463817e-01
2.550000000000e-06 6.128096923110e-01
2.560000000000e-06 6.140046081799e-01
2.570000000000e-06 6.151765765647e-01
2.580000000000e-06 6.163257788709e-01
2.590000000000e-06 6.174523953400e-01
2.600000000000e-06 6.185566050563e-01
2.610000000000e-06 6.196385859534e-01
2.620000000000e-06 6.206985148216e-01
2.630000000000e-06 6.217365673135e-01
2.640000000000e-06 6.227529179518e-01
2.650000000000e-06 6.237477401351e-01
2.660000000000e-06 6.247212061446e-01
2.670000000000e-06 6.256734871508e-01
2.680000000000e-06 6.266047532202e-01
2.690000000000e-06 6.275151733212e-01
2.700000000000e-06 6.284049153307e-01
2.710000000000e-06 6.292741460410e-01
2.720000000000e-06 6.301230311654e-01
2.730000000000e-06 6.309517353449e-01
2.740000000000e-06 6.317604221546e-01
2.750000000000e-06 6.325492541096e-01
2.760000000000e-06 6.333183926716e-01
2.770000000000e-06 6.340679982545e-01
2.780000000000e-06 6.347982302313e-01
2.790000000000e-06 6.355092469396e-01
2.800000000000e-06 6.362012056880e-01
2.810000000000e-06 6.368742627618e-01
2.820000000000e-06 6.375285734296e-01
2.830000000000e-06 6.381642919486e-01
2.840000000000e-06 6.387815715709e-01
2.850000000000e-06 6.393805645495e-01
2.860000000000e-06 6.399614221440e-01
2.870000000000e-06 6.405242946263e-01
2.880000000000e-06 6.410693312868e-01
2.890000000000e-06 6.415966804397e-01
2.900000000000e-06 6.421064894294e-01
2.910000000000e-06 6.425989046355e-01
2.920000000000e-06 6.430740714788e-01
2.930000000000e-06 6.435321344272e-01
2.940000000000e-06 6.439732370008e-01
2.950000000000e-06 6.443975217779e-01
2.960000000000e-06 6.448051304005e-01
2.970000000000e-06 6.451962035794e-01
2.980000000000e-06 6.455708811005e-01
2.990000000000e-06 6.459293018295e-01
3.000000000000e-06 6.462716037177e-01
3.010000000000e-06 6.465979238073e-01
3.020000000000e-06 6.469083982369e-01
3.030000000000e-06 6.472031622468e-01
3.040000000000e-06 6.474823501840e-01
3.050000000000e-06 6.477460955082e-01
3.060000000000e-06 6.479945307961e-01
3.070000000000e-06 6.482277877476e-01
3.080000000000e-06 6.484459971903e-01
3.090000000000e-06 6.486492890848e-01
3.100000000000e-06 6.488377925302e-01
3.110000000000e-06 6.490116357689e-01
3.120000000000e-06 6.491709461915e-01
3.130000000000e-06 6.493158503423e-01
3.140000000000e-06 6.494464739241e-01
3.150000000000e-06 6.495629418032e-01
3.160000000000e-06 6.496653780144e-01
3.170000000000e-06 6.497539057658e-01
3.180000000000e-06 6.498286474439e-01
3.190000000000e-06 6.498897246185e-01
3.200000000000e-06 6.499372580475e-01
3.210000000000e-06 6.499713676816e-01
3.220000000000e-06 6.499921726692e-01
3.230000000000e-06 6.499997913613e-01
3.240000000000e-06 6.499943413162e-01
3.250000000000e-06 6.499759393040e-01
3.260000000000e-06 6.499447013117e-01
3.270000000000e-06 6.499007425474e-01
3.280000000000e-06 6.498441774454e-01
3.290000000000e-06 6.497751196706e-01
3.300000000000e-06 6.496936821229e-01
3.310000000000e-06 6.495999769422e-01
3.320000000000e-06 6.494941155127e-01
3.330000000000e-06 6.493762084674e-01
3.340000000000e-06 6.492463656926e-01
3.350000000000e-06 6.491046963324e-01
3.360000000000e-06 6.489513087932e-01
3.370000000000e-06 6.487863107481e-01
3.380000000000e-06 6.486098091411e-01
3.390000000000e-06 6.484219101917e-01
3.400000000000e-06 6.482227193993e-01
3.410000000000e-06 6.480123415472e-01
3.420000000000e-06 6.477908807072e-01
3.430000000000e-06 6.475584402436e-01
3.440000000000e-06 6.473151228177e-01
3.450000000000e-06 6.470610303920e-01
3.460000000000e-06 6.467962642342e-01
3.470000000000e-06 6.465209249215e-01
3.480000000000e-06 6.462351123448e-01
3.490000000000e-06 6.459389257128e-01
3.500000000000e-06 6.456324635561e-01
3.510000000000e-06 6.453158237310e-01
3.520000000000e-06 6.449891034242e-01
3.530000000000e-06 6.446523991562e-01
3.540000000000e-06 6.443058067857e-01
3.550000000000e-06 6.439494215135e-01
3.560000000000e-06 6.435833378863e-01
3.570000000000e-06 6.432076498009e-01
3.580000000000e-06 6.428224505080e-01
3.590000000000e-06 6.424278326159e-01
3.600000000000e-06 6.420238880950e-01
3.610000000000e-06 6.416107082810e-01
3.620000000000e-06 6.411883838788e-01
3.630000000000e-06 6.407570049669e-01
3.640000000000e-06 6.403166610005e-01
3.650000000000e-06 6.398674408158e-01
3.660000000000e-06 6.394094326332e-01
3.670000000000e-06 6.389427240616e-01
3.680000000000e-06 6.384674021019e-01
3.690000000000e-06 6.379835531504e-01
3.700000000000e-06 6.374912630029e-01
3.710000000000e-06 6.369906168581e-01
3.720000000000e-06 6.364816993213e-01
3.730000000000e-06 6.359645944080e-01
3.740000000000e-06 6.354393855473e-01
3.750000000000e-06 6.349061555860e-01
3.760000000000e-06 6.343649867914e-01
3.770000000000e-06 6.338159608554e-01
3.780000000000e-06 6.332591588979e-01
3.790000000000e-06 6.326946614699e-01
3.800000000000e-06 6.321225485575e-01
3.810000000000e-06 6.315428995851e-01
3.820000000000e-06 6.309557934187e-01
3.830000000000e-06 6.303613083696e-01
3.840000000000e-06 6.297595221973e-01
3.850000000000e-06 6.291505121136e-01
3.860000000000e-06 6.285343547854e-01
3.870000000000e-06 6.279111263379e-01
3.880000000000e-06 6.272809023586e-01
3.890000000000e-06 6.266437578999e-01
3.900000000000e-06 6.259997674827e-01
3.910000000000e-06 6.253490050997e-01
3.920000000000e-06 6.246915442183e-01
3.930000000000e-06 6.240274577842e-01
3.940000000000e-06 6.233568182246e-01
3.950000000000e-06 6.226796974510e-01
3.960000000000e-06 6.219961668627e-01
3.970000000000e-06 6.213062973498e-01
3.980000000000e-06 6.206101592963e-01
3.990000000000e-06 6.199078225835e-01
4.000000000000e-06 6.191993565927e-01
4.010000000000e-06 6.184848302084e-01
4.020000000000e-06 6.177643118216e-01
4.030000000000e-06 6.170378693324e-01
4.040000000000e-06 6.163055701534e-01
4.050000000000e-06 6.155674812126e-01
4.060000000000e-06 6.148236689563e-01
4.070000000000e-06 6.140741993521e-01
4.080000000000e-06 6.133191378919e-01
4.090000000000e-06 6.125585495947e-01
4.100000000000e-06 6.117924990100e-01
4.110000000000e-06 6.110210502198e-01
4.120000000000e-06 6.102442668425e-01
4.130000000000e-06 6.094622120350e-01
4.140000000000e-06 6.086749484961e-01
4.150000000000e-06 6.078825384688e-01
4.160000000000e-06 6.070850437435e-01
4.170000000000e-06 6.062825256609e-01
4.180000000000e-06 6.054750451145e-01
4.190000000000e-06 6.046626625532e-01
4.200000000000e-06 6.038454379848e-01
4.210000000000e-06 6.030234309779e-01
4.220000000000e-06 6.021967006652e-01
4.230000000000e-06 6.013653057459e-01
4.240000000000e-06 6.005293044887e-01
4.250000000000e-06 5.996887547339e-01
4.260000000000e-06 5.988437138969e-01
4.270000000000e-06 5.979942389701e-01
4.280000000000e-06 5.971403865259e-01
4.290000000000e-06 5.962822127193e-01
4.300000000000e-06 5.954197732904e-01
4.310000000000e-06 5.945531235670e-01
4.320000000000e-06 5.936823184674e-01
4.330000000000e-06 5.928074125024e-01
4.340000000000e-06 5.919284597787e-01
4.350000000000e-06 5.910455140006e-01
4.360000000000e-06 5.901586284729e-01
4.370000000000e-06 5.892678561036e-01
4.380000000000e-06 5.883732494057e-01
4.390000000000e-06 5.874748605006e-01
4.400000000000e-06 5.865727411198e-01
4.410000000000e-06 5.856669426077e-01
4.420000000000e-06 5.847575159239e-01
4.430000000000e-06 5.838445116457e-01
4.440000000000e-06 5.829279799705e-01
4.450000000000e-06 5.820079707180e-01
4.460000000000e-06 5.810845333330e-01
4.470000000000e-06 5.801577168872e-01
4.480000000000e-06 5.792275700821e-01
4.490000000000e-06 5.782941412508e-01
4.500000000000e-06 5.773574783607e-01
4.510000000000e-06 5.764176290158e-01
4.520000000000e-06 5.754746404588e-01
4.530000000000e-06 5.745285595734e-01
4.540000000000e-06 5.735794328867e-01
4.550000000000e-06 5.726273065713e-01
4.560000000000e-06 5.716722264479e-01
4.570000000000e-06 5.707142379868e-01
4.580000000000e-06 5.697533863110e-01
4.590000000000e-06 5.687897161977e-01
4.600000000000e-06 5.678232720809e-01
4.610000000000e-06 5.668540980533e-01
4.620000000000e-06 5.658822378687e-01
4.630000000000e-06 5.649077349441e-01
4.640000000000e-06 5.639306323615e-01
4.650000000000e-06 5.629509728707e-01
4.660000000000e-06 5.619687988908e-01
4.670000000000e-06 5.609841525125e-01
4.680000000000e-06 5.599970755004e-01
4.690000000000e-06 5.590076092946e-01
4.700000000000e-06 5.580157950135e-01
4.710000000000e-06 5.570216734550e-01
4.720000000000e-06 5.560252850991e-01
4.730000000000e-06 5.550266701098e-01
4.740000000000e-06 5.540258683372e-01
4.750000000000e-06 5.530229193192e-01
4.760000000000e-06 5.520178622838e-01
4.770000000000e-06 5.510107361510e-01
4.780000000000e-06 5.500015795348e-01
4.790000000000e-06 5.489904307451e-01
4.800000000000e-06 5.479773277895e-01
4.810000000000e-06 5.469623083756e-01
4.820000000000e-06 5.459454099126e-01
4.830000000000e-06 5.449266695135e-01
4.840000000000e-06 5.439061239966e-01
4.850000000000e-06 5.428838098879e-01
4.860000000000e-06 5.418597634225e-01
4.870000000000e-06 5.408340205467e-01
4.880000000000e-06 5.398066169201e-01
4.890000000000e-06 5.387775879170e-01
4.900000000000e-06 5.377469686283e-01
4.910000000000e-06 5.367147938638e-01
4.920000000000e-06 5.356810981533e-01
4.930000000000e-06 5.346459157490e-01
4.940000000000e-06 5.336092806272e-01
4.950000000000e-06 5.325712264896e-01
4.960000000000e-06 5.315317867657e-01
4.970000000000e-06 5.304909946143e-01
4.980000000000e-06 5.294488829251e-01
4.990000000000e-06 5.284054843207e-01
5.000000000000e-06 5.273608311581e-01
5.010000000000e-06 5.263149555309e-01
5.020000000000e-06 5.252678892702e-01
5.030000000000e-06 5.242196639470e-01
5.040000000000e-06 5.231703108737e-01
5.050000000000e-06 5.221198611057e-01
5.060000000000e-06 5.210683454430e-01
5.070000000000e-06 5.200157944320e-01
5.080000000000e-06 5.189622383673e-01
5.090000000000e-06 5.179077072931e-01
5.100000000000e-06 5.168522310048e-01
5.110000000000e-06 5.157958390507e-01
5.120000000000e-06 5.147385607339e-01
5.130000000000e-06 5.136804251134e-01
5.140000000000e-06 5.126214610060e-01
5.150000000000e-06 5.115616969879e-01
5.160000000000e-06 5.105011613961e-01
5.170000000000e-06 5.094398823303e-01
5.180000000000e-06 5.083778876539e-01
5.190000000000e-06 5.073152049962e-01
5.200000000000e-06 5.062518617534e-01
5.210000000000e-06 5.051878850904e-01
5.220000000000e-06 5.041233019424e-01
5.230000000000e-06 5.030581390161e-01
5.240000000000e-06 5.019924227915e-01
5.250000000000e-06 5.009261795233e-01
5.260000000000e-06 4.998594352424e-01
5.270000000000e-06 4.987922157572e-01
5.280000000000e-06 4.977245466554e-01
5.290000000000e-06 4.966564533051e-01
5.300000000000e-06 4.955879608566e-01
5.310000000000e-06 4.945190942436e-01
5.320000000000e-06 4.934498781846e-01
5.330000000000e-06 4.923803371847e-01
5.340000000000e-06 4.913104955364e-01
5.350000000000e-06 4.902403773217e-01
5.360000000000e-06 4.891700064129e-01
5.370000000000e-06 4.880994064744e-01
5.380000000000e-06 4.870286009639e-01
5.390000000000e-06 4.859576131339e-01
5.400000000000e-06 4.848864660326e-01
5.410000000000e-06 4.838151825062e-01
5.420000000000e-06 4.827437851993e-01
5.430000000000e-06 4.816722965567e-01
5.440000000000e-06 4.806007388248e-01
5.450000000000e-06 4.795291340527e-01
5.460000000000e-06 4.784575040935e-01
5.470000000000e-06 4.773858706059e-01
5.480000000000e-06 4.763142550553e-01
5.490000000000e-06 4.752426787151e-01
5.500000000000e-06 4.741711626680e-01
5.510000000000e-06 4.730997278073e-01
5.520000000000e-06 4.720283948381e-01
5.530000000000e-06 4.709571842789e-01
5.540000000000e-06 4.698861164622e-01
5.550000000000e-06 4.688152115364e-01
5.560000000000e-06 4.677444894668e-01
5.570000000000e-06 4.666739700366e-01
5.580000000000e-06 4.656036728486e-01
5.590000000000e-06 4.645336173260e-01
5.600000000000e-06 4.634638227138e-01
5.610000000000e-06 4.623943080801e-01
5.620000000000e-06 4.613250923170e-01
5.630000000000e-06 4.602561941422e-01
5.640000000000e-06 4.591876320997e-01
5.650000000000e-06 4.581194245615e-01
5.660000000000e-06 4.570515897283e-01
5.670000000000e-06 4.559841456310e-01
5.680000000000e-06 4.549171101316e-01
5.690000000000e-06 4.538505009248e-01
5.700000000000e-06 4.527843355383e-01
5.710000000000e-06 4.517186313349e-01
5.720000000000e-06 4.506534055130e-01
5.730000000000e-06 4.495886751079e-01
5.740000000000e-06 4.485244569929e-01
5.750000000000e-06 4.474607678806e-01
5.760000000000e-06 4.463976243237e-01
5.770000000000e-06 4.453350427161e-01
5.780000000000e-06 4.442730392944e-01
5.790000000000e-06 4.432116301385e-01
5.800000000000e-06 4.421508311729e-01
5.810000000000e-06 4.410906581678e-01
5.820000000000e-06 4.400311267400e-01
5.830000000000e-06 4.389722523542e-01
5.840000000000e-06 4.379140503238e-01
5.850000000000e-06 4.368565358121e-01
5.860000000000e-06 4.357997238333e-01
5.870000000000e-06 4.347436292535e-01
5.880000000000e-06 4.336882667917e-01
5.890000000000e-06 4.326336510210e-01
5.900000000000e-06 4.315797963693e-01
5.910000000000e-06 4.305267171206e-01
5.920000000000e-06 4.294744274158e-01
5.930000000000e-06 4.284229412539e-01
5.940000000000e-06 4.273722724928e-01
5.950000000000e-06 4.263224348503e-01
5.960000000000e-06 4.252734419051e-01
5.970000000000e-06 4.242253070980e-01
5.980000000000e-06 4.231780437323e-01
5.990000000000e-06 4.221316649754e-01
6.000000000000e-06 4.210861838595e-01
6.010000000000e-06 4.200416132823e-01
6.020000000000e-06 4.189979660081e-01
6.030000000000e-06 4.179552546692e-01
6.040000000000e-06 4.169134917660e-01
6.050000000000e-06 4.158726896685e-01
6.060000000000e-06 4.148328606171e-01
6.070000000000e-06 4.137940167234e-01
6.080000000000e-06 4.127561699712e-01
6.090000000000e-06 4.117193322173e-01
6.100000000000e-06 4.106835151927e-01
6.110000000000e-06 4.096487305031e-01
6.120000000000e-06 4.086149896299e-01
6.130000000000e-06 4.075823039312e-01
6.140000000000e-06 4.065506846427e-01
6.150000000000e-06 4.055201428783e-01
6.160000000000e-06 4.044906896312e-01
6.170000000000e-06 4.034623357748e-01
6.180000000000e-06 4.024350920634e-01
6.190000000000e-06 4.014089691329e-01
6.200000000000e-06 4.003839775021e-01
6.210000000000e-06 3.993601275731e-01
6.220000000000e-06 3.983374296325e-01
6.230000000000e-06 3.973158938518e-01
6.240000000000e-06 3.962955302886e-01
6.250000000000e-06 3.952763488872e-01
6.260000000000e-06 3.942583594796e-01
6.270000000000e-06 3.932415717861e-01
6.280000000000e-06 3.922259954162e-01
6.290000000000e-06 3.912116398694e-01
6.300000000000e-06 3.901985145360e-01
6.310000000000e-06 3.891866286978e-01
6.320000000000e-06 3.881759915290e-01
6.330000000000e-06 3.871666120971e-01
6.340000000000e-06 3.861584993631e-01
6.350000000000e-06 3.851516621831e-01
6.360000000000e-06 3.841461093083e-01
6.370000000000e-06 3.831418493863e-01
6.380000000000e-06 3.821388909616e-01
6.390000000000e-06 3.811372424764e-01
6.400000000000e-06 3.801369122712e-01
6.410000000000e-06 3.791379085858e-01
6.420000000000e-06 3.781402395600e-01
6.430000000000e-06 3.771439132341e-01
6.440000000000e-06 3.761489375498e-01
6.450000000000e-06 3.751553203509e-01
6.460000000000e-06 3.741630693840e-01
6.470000000000e-06 3.731721922993e-01
6.480000000000e-06 3.721826966512e-01
6.490000000000e-06 3.711945898989e-01
6.500000000000e-06 3.702078794074e-01
6.510000000000e-06 3.692225724480e-01
6.520000000000e-06 3.682386761989e-01
6.530000000000e-06 3.672561977461e-01
6.540000000000e-06 3.662751440841e-01
6.550000000000e-06 3.652955221162e-01
6.560000000000e-06 3.643173386556e-01
6.570000000000e-06 3.633406004259e-01
6.580000000000e-06 3.623653140619e-01
6.590000000000e-06 3.613914861098e-01
6.600000000000e-06 3.604191230285e-01
6.610000000000e-06 3.594482311898e-01
6.620000000000e-06 3.584788168793e-01
6.630000000000e-06 3.575108862968e-01
6.640000000000e-06 3.565444455572e-01
6.650000000000e-06 3.555795006909e-01
6.660000000000e-06 3.546160576447e-01
6.670000000000e-06 3.536541222821e-01
6.680000000000e-06 3.526937003843e-01
6.690000000000e-06 3.517347976504e-01
6.700000000000e-06 3.507774196984e-01
6.710000000000e-06 3.498215720656e-01
6.720000000000e-06 3.488672602093e-01
6.730000000000e-06 3.479144895073e-01
6.740000000000e-06 3.469632652586e-01
6.750000000000e-06 3.460135926840e-01
6.760000000000e-06 3.450654769267e-01
6.770000000000e-06 3.441189230526e-01
6.780000000000e-06 3.431739360515e-01
6.790000000000e-06 3.422305208371e-01
6.800000000000e-06 3.412886822477e-01
6.810000000000e-06 3.403484250472e-01
6.820000000000e-06 3.394097539250e-01
6.830000000000e-06 3.384726734972e-01
6.840000000000e-06 3.375371883067e-01
6.850000000000e-06 3.366033028240e-01
6.860000000000e-06 3.356710214476e-01
6.870000000000e-06 3.347403485049e-01
6.880000000000e-06 3.338112882522e-01
6.890000000000e-06 3.328838448758e-01
6.900000000000e-06 3.319580224920e-01
6.910000000000e-06 3.310338251484e-01
6.920000000000e-06 3.301112568234e-01
6.930000000000e-06 3.291903214277e-01
6.940000000000e-06 3.282710228044e-01
6.950000000000e-06 3.273533647293e-01
6.960000000000e-06 3.264373509119e-01
6.970000000000e-06 3.255229849957e-01
6.980000000000e-06 3.246102705587e-01
6.990000000000e-06 3.236992111138e-01
7.000000000000e-06 3.227898101095e-01
7.010000000000e-06 3.218820709305e-01
7.020000000000e-06 3.209759968979e-01
7.030000000000e-06 3.200715912698e-01
7.040000000000e-06 3.191688572420e-01
7.050000000000e-06 3.182677979482e-01
7.060000000000e-06 3.173684164607e-01
7.070000000000e-06 3.164707157908e-01
7.080000000000e-06 3.155746988894e-01
7.090000000000e-06 3.146803686471e-01
7.100000000000e-06 3.137877278953e-01
7.110000000000e-06 3.128967794062e-01
7.120000000000e-06 3.120075258932e-01
7.130000000000e-06 3.111199700120e-01
7.140000000000e-06 3.102341143602e-01
7.150000000000e-06 3.093499614785e-01
7.160000000000e-06 3.084675138508e-01
7.170000000000e-06 3.075867739046e-01
7.180000000000e-06 3.067077440117e-01
7.190000000000e-06 3.058304264886e-01
7.200000000000e-06 3.049548235966e-01
7.210000000000e-06 3.040809375427e-01
7.220000000000e-06 3.032087704799e-01
7.230000000000e-06 3.023383245076e-01
7.240000000000e-06 3.014696016718e-01
7.250000000000e-06 3.006026039661e-01
7.260000000000e-06 2.997373333316e-01
7.270000000000e-06 2.988737916575e-01
7.280000000000e-06 2.980119807818e-01
7.290000000000e-06 2.971519024911e-01
7.300000000000e-06 2.962935585217e-01
7.310000000000e-06 2.954369505596e-01
7.320000000000e-06 2.945820802411e-01
7.330000000000e-06 2.937289491530e-01
7.340000000000e-06 2.928775588333e-01
7.350000000000e-06 2.920279107713e-01
7.360000000000e-06 2.911800064082e-01
7.370000000000e-06 2.903338471377e-01
7.380000000000e-06 2.894894343057e-01
7.390000000000e-06 2.886467692116e-01
7.400000000000e-06 2.878058531080e-01
7.410000000000e-06 2.869666872014e-01
7.420000000000e-06 2.861292726524e-01
7.430000000000e-06 2.852936105764e-01
7.440000000000e-06 2.844597020438e-01
7.450000000000e-06 2.836275480801e-01
7.460000000000e-06 2.827971496670e-01
7.470000000000e-06 2.819685077418e-01
7.480000000000e-06 2.811416231987e-01
7.490000000000e-06 2.803164968885e-01
7.500000000000e-06 2.794931296196e-01
7.510000000000e-06 2.786715221576e-01
7.520000000000e-06 2.778516752263e-01
7.530000000000e-06 2.770335895077e-01
7.540000000000e-06 2.762172656426e-01
7.550000000000e-06 2.754027042308e-01
7.560000000000e-06 2.745899058315e-01
7.570000000000e-06 2.737788709636e-01
7.580000000000e-06 2.729696001061e-01
7.590000000000e-06 2.721620936985e-01
7.600000000000e-06 2.713563521411e-01
7.610000000000e-06 2.705523757952e-01
7.620000000000e-06 2.697501649837e-01
7.630000000000e-06 2.689497199912e-01
7.640000000000e-06 2.681510410646e-01
7.650000000000e-06 2.673541284131e-01
7.660000000000e-06 2.665589822087e-01
7.670000000000e-06 2.657656025868e-01
7.680000000000e-06 2.649739896459e-01
7.690000000000e-06 2.641841434485e-01
7.700000000000e-06 2.633960640212e-01
7.710000000000e-06 2.626097513549e-01
7.720000000000e-06 2.618252054054e-01
7.730000000000e-06 2.610424260934e-01
7.740000000000e-06 2.602614133052e-01
7.750000000000e-06 2.594821668925e-01
7.760000000000e-06 2.587046866732e-01
7.770000000000e-06 2.579289724314e-01
7.780000000000e-06 2.571550239178e-01
7.790000000000e-06 2.563828408502e-01
7.800000000000e-06 2.556124229133e-01
7.810000000000e-06 2.548437697595e-01
7.820000000000e-06 2.540768810091e-01
7.830000000000e-06 2.533117562502e-01
7.840000000000e-06 2.525483950395e-01
7.850000000000e-06 2.517867969024e-01
7.860000000000e-06 2.510269613332e-01
7.870000000000e-06 2.502688877955e-01
7.880000000000e-06 2.495125757224e-01
7.890000000000e-06 2.487580245169e-01
7.900000000000e-06 2.480052335521e-01
7.910000000000e-06 2.472542021714e-01
7.920000000000e-06 2.465049296889e-01
7.930000000000e-06 2.457574153896e-01
7.940000000000e-06 2.450116585300e-01
7.950000000000e-06 2.442676583378e-01
7.960000000000e-06 2.435254140124e-01
7.970000000000e-06 2.427849247255e-01
7.980000000000e-06 2.420461896209e-01
7.990000000000e-06 2.413092078149e-01
8.000000000000e-06 2.405739783970e-01
8.010000000000e-06 2.398405004292e-01
8.020000000000e-06 2.391087729474e-01
8.030000000000e-06 2.383787949607e-01
8.040000000000e-06 2.376505654522e-01
8.050000000000e-06 2.369240833791e-01
8.060000000000e-06 2.361993476730e-01
8.070000000000e-06 2.354763572401e-01
8.080000000000e-06 2.347551109614e-01
8.090000000000e-06 2.340356076930e-01
8.100000000000e-06 2.333178462664e-01
8.110000000000e-06 2.326018254886e-01
8.120000000000e-06 2.318875441426e-01
8.130000000000e-06 2.311750009874e-01
8.140000000000e-06 2.304641947581e-01
8.150000000000e-06 2.297551241668e-01
8.160000000000e-06 2.290477879020e-01
8.170000000000e-06 2.283421846293e-01
8.180000000000e-06 2.276383129917e-01
8.190000000000e-06 2.269361716094e-01
8.200000000000e-06 2.262357590807e-01
8.210000000000e-06 2.255370739814e-01
8.220000000000e-06 2.248401148659e-01
8.230000000000e-06 2.241448802666e-01
8.240000000000e-06 2.234513686947e-01
8.250000000000e-06 2.227595786402e-01
8.260000000000e-06 2.220695085722e-01
8.270000000000e-06 2.213811569389e-01
8.280000000000e-06 2.206945221682e-01
8.290000000000e-06 2.200096026676e-01
8.300000000000e-06 2.193263968243e-01
8.310000000000e-06 2.186449030061e-01
8.320000000000e-06 2.179651195606e-01
8.330000000000e-06 2.172870448163e-01
8.340000000000e-06 2.166106770823e-01
8.350000000000e-06 2.159360146487e-01
8.360000000000e-06 2.152630557867e-01
8.370000000000e-06 2.145917987490e-01
8.380000000000e-06 2.139222417696e-01
8.390000000000e-06 2.132543830645e-01
8.400000000000e-06 2.125882208316e-01
8.410000000000e-06 2.119237532509e-01
8.420000000000e-06 2.112609784848e-01
8.430000000000e-06 2.105998946782e-01
8.440000000000e-06 2.099404999588e-01
8.450000000000e-06 2.092827924372e-01
8.460000000000e-06 2.086267702070e-01
8.470000000000e-06 2.079724313454e-01
8.480000000000e-06 2.073197739129e-01
8.490000000000e-06 2.066687959536e-01
8.500000000000e-06 2.060194954956e-01
8.510000000000e-06 2.053718705511e-01
8.520000000000e-06 2.047259191164e-01
8.530000000000e-06 2.040816391722e-01
8.540000000000e-06 2.034390286841e-01
8.550000000000e-06 2.027980856020e-01
8.560000000000e-06 2.021588078610e-01
8.570000000000e-06 2.015211933815e-01
8.580000000000e-06 2.008852400688e-01
8.590000000000e-06 2.002509458140e-01
8.600000000000e-06 1.996183084937e-01
8.610000000000e-06 1.989873259703e-01
8.620000000000e-06 1.983579960923e-01
8.630000000000e-06 1.977303166942e-01
8.640000000000e-06 1.971042855969e-01
8.650000000000e-06 1.964799006078e-01
8.660000000000e-06 1.958571595209e-01
8.670000000000e-06 1.952360601171e-01
8.680000000000e-06 1.946166001642e-01
8.690000000000e-06 1.939987774170e-01
8.700000000000e-06 1.933825896180e-01
8.710000000000e-06 1.927680344966e-01
8.720000000000e-06 1.921551097704e-01
8.730000000000e-06 1.915438131442e-01
8.740000000000e-06 1.909341423112e-01
8.750000000000e-06 1.903260949524e-01
8.760000000000e-06 1.897196687371e-01
8.770000000000e-06 1.891148613230e-01
8.780000000000e-06 1.885116703563e-01
8.790000000000e-06 1.879100934720e-01
8.800000000000e-06 1.873101282936e-01
8.810000000000e-06 1.867117724339e-01
8.820000000000e-06 1.861150234948e-01
8.830000000000e-06 1.855198790674e-01
8.840000000000e-06 1.849263367321e-01
8.850000000000e-06 1.843343940590e-01
8.860000000000e-06 1.837440486078e-01
8.870000000000e-06 1.831552979282e-01
8.880000000000e-06 1.825681395597e-01
8.890000000000e-06 1.819825710320e-01
8.900000000000e-06 1.813985898650e-01
8.910000000000e-06 1.808161935691e-01
8.920000000000e-06 1.802353796452e-01
8.930000000000e-06 1.796561455846e-01
8.940000000000e-06 1.790784888698e-01
8.950000000000e-06 1.785024069739e-01
8.960000000000e-06 1.779278973613e-01
8.970000000000e-06 1.773549574874e-01
8.980000000000e-06 1.767835847990e-01
8.990000000000e-06 1.762137767344e-01
9.000000000000e-06 1.756455307234e-01
9.010000000000e-06 1.750788441875e-01
9.020000000000e-06 1.745137145400e-01
9.030000000000e-06 1.739501391863e-01
9.040000000000e-06 1.733881155237e-01
9.050000000000e-06 1.728276409417e-01
9.060000000000e-06 1.722687128223e-01
9.070000000000e-06 1.717113285398e-01
9.080000000000e-06 1.711554854611e-01
9.090000000000e-06 1.706011809456e-01
9.100000000000e-06 1.700484123459e-01
9.110000000000e-06 1.694971770071e-01
9.120000000000e-06 1.689474722676e-01
9.130000000000e-06 1.683992954588e-01
9.140000000000e-06 1.678526439055e-01
9.150000000000e-06 1.673075149257e-01
9.160000000000e-06 1.667639058311e-01
9.170000000000e-06 1.662218139267e-01
9.180000000000e-06 1.656812365115e-01
9.190000000000e-06 1.651421708782e-01
9.200000000000e-06 1.646046143134e-01
9.210000000000e-06 1.640685640978e-01
9.220000000000e-06 1.635340175062e-01
9.230000000000e-06 1.630009718077e-01
9.240000000000e-06 1.624694242658e-01
9.250000000000e-06 1.619393721383e-01
9.260000000000e-06 1.614108126777e-01
9.270000000000e-06 1.608837431311e-01
9.280000000000e-06 1.603581607405e-01
9.290000000000e-06 1.598340627426e-01
9.300000000000e-06 1.593114463692e-01
9.310000000000e-06 1.587903088471e-01
9.320000000000e-06 1.582706473984e-01
9.330000000000e-06 1.577524592404e-01
9.340000000000e-06 1.572357415856e-01
9.350000000000e-06 1.567204916423e-01
9.360000000000e-06 1.562067066142e-01
9.370000000000e-06 1.556943837006e-01
9.380000000000e-06 1.551835200966e-01
9.390000000000e-06 1.546741129933e-01
9.400000000000e-06 1.541661595775e-01
9.410000000000e-06 1.536596570321e-01
9.420000000000e-06 1.531546025363e-01
9.430000000000e-06 1.526509932654e-01
9.440000000000e-06 1.521488263910e-01
9.450000000000e-06 1.516480990810e-01
9.460000000000e-06 1.511488085000e-01
9.470000000000e-06 1.506509518090e-01
9.480000000000e-06 1.501545261658e-01
9.490000000000e-06 1.496595287249e-01
9.500000000000e-06 1.491659566375e-01
9.510000000000e-06 1.486738070520e-01
9.520000000000e-06 1.481830771135e-01
9.530000000000e-06 1.476937639643e-01
9.540000000000e-06 1.472058647441e-01
9.550000000000e-06 1.467193765896e-01
9.560000000000e-06 1.462342966348e-01
9.570000000000e-06 1.457506220113e-01
9.580000000000e-06 1.452683498480e-01
9.590000000000e-06 1.447874772716e-01
9.600000000000e-06 1.443080014064e-01
9.610000000000e-06 1.438299193742e-01
9.620000000000e-06 1.433532282949e-01
9.630000000000e-06 1.428779252862e-01
9.640000000000e-06 1.424040074638e-01
9.650000000000e-06 1.419314719412e-01
9.660000000000e-06 1.414603158305e-01
9.670000000000e-06 1.409905362414e-01
9.680000000000e-06 1.405221302824e-01
9.690000000000e-06 1.400550950600e-01
9.700000000000e-06 1.395894276793e-01
9.710000000000e-06 1.391251252437e-01
9.720000000000e-06 1.386621848553e-01
9.730000000000e-06 1.382006036148e-01
9.740000000000e-06 1.377403786217e-01
9.750000000000e-06 1.372815069740e-01
9.760000000000e-06 1.368239857687e-01
9.770000000000e-06 1.363678121018e-01
9.780000000000e-06 1.359129830680e-01
9.790000000000e-06 1.354594957614e-01
9.800000000000e-06 1.350073472749e-01
9.810000000000e-06 1.345565347006e-01
9.820000000000e-06 1.341070551301e-01
9.830000000000e-06 1.336589056540e-01
9.840000000000e-06 1.332120833625e-01
9.850000000000e-06 1.327665853449e-01
9.860000000000e-06 1.323224086905e-01
9.870000000000e-06 1.318795504876e-01
9.880000000000e-06 1.314380078246e-01
9.890000000000e-06 1.309977777893e-01
9.900000000000e-06 1.305588574693e-01
9.910000000000e-06 1.301212439519e-01
9.920000000000e-06 1.296849343246e-01
9.930000000000e-06 1.292499256745e-01
9.940000000000e-06 1.288162150887e-01
9.950000000000e-06 1.283837996546e-01
9.960000000000e-06 1.279526764593e-01
9.970000000000e-06 1.275228425904e-01
9.980000000000e-06 1.270942951356e-01
9.990000000000e-06 1.266670311828e-01
1.000000000000e-05 1.262410478203e-01
1.001000000000e-05 1.258163421367e-01
1.002000000000e-05 1.253929112211e-01
1.003000000000e-05 1.249707521631e-01
1.004000000000e-05 1.245498620528e-01
1.005000000000e-05 1.241302379810e-01
1.006000000000e-05 1.237118770389e-01
1.007000000000e-05 1.232947763187e-01
1.008000000000e-05 1.228789329132e-01
1.009000000000e-05 1.224643439159e-01
1.010000000000e-05 1.220510064213e-01
1.011000000000e-05 1.216389175249e-01
1.012000000000e-05 1.212280743230e-01
1.013000000000e-05 1.208184739128e-01
1.014000000000e-05 1.204101133929e-01
1.015000000000e-05 1.200029898626e-01
1.016000000000e-05 1.195971004226e-01
1.017000000000e-05 1.191924421748e-01
1.018000000000e-05 1.187890122223e-01
1.019000000000e-05 1.183868076694e-01
1.020000000000e-05 1.179858256219e-01
1.021000000000e-05 1.175860631869e-01
1.022000000000e-05 1.171875174729e-01
1.023000000000e-05 1.167901855899e-01
1.024000000000e-05 1.163940646495e-01
1.025000000000e-05 1.159991517647e-01
1.026000000000e-05 1.156054440503e-01
1.027000000000e-05 1.152129386226e-01
1.028000000000e-05 1.148216325996e-01
1.029000000000e-05 1.144315231013e-01
1.030000000000e-05 1.140426072490e-01
1.031000000000e-05 1.136548821663e-01
1.032000000000e-05 1.132683449783e-01
1.033000000000e-05 1.128829928122e-01
1.034000000000e-05 1.124988227972e-01
1.035000000000e-05 1.121158320643e-01
1.036000000000e-05 1.117340177465e-01
1.037000000000e-05 1.113533769791e-01
1.038000000000e-05 1.109739068993e-01
1.039000000000e-05 1.105956046466e-01
1.040000000000e-05 1.102184673625e-01
1.041000000000e-05 1.098424921908e-01
1.042000000000e-05 1.094676762776e-01
1.043000000000e-05 1.090940167712e-01
1.044000000000e-05 1.087215108223e-01
1.045000000000e-05 1.083501555839e-01
1.046000000000e-05 1.079799482115e-01
1.047000000000e-05 1.076108858629e-01
1.048000000000e-05 1.072429656984e-01
1.049000000000e-05 1.068761848809e-01
1.050000000000e-05 1.065105405758e-01
1.051000000000e-05 1.061460299510e-01
1.052000000000e-05 1.057826501770e-01
1.053000000000e-05 1.054203984272e-01
1.054000000000e-05 1.050592718772e-01
1.055000000000e-05 1.046992677058e-01
1.056000000000e-05 1.043403830942e-01
1.057000000000e-05 1.039826152264e-01
1.058000000000e-05 1.036259612895e-01
1.059000000000e-05 1.032704184730e-01
1.060000000000e-05 1.029159839696e-01
1.061000000000e-05 1.025626549747e-01
1.062000000000e-05 1.022104286867e-01
1.063000000000e-05 1.018593023070e-01
1.064000000000e-05 1.015092730399e-01
1.065000000000e-05 1.011603380927e-01
1.066000000000e-05 1.008124946758e-01
1.067000000000e-05 1.004657400027e-01
1.068000000000e-05 1.001200712900e-01
1.069000000000e-05 9.977548575723e-02
1.070000000000e-05 9.943198062733e-02
1.071000000000e-05 9.908955312628e-02
1.072000000000e-05 9.874820048331e-02
1.073000000000e-05 9.840791993089e-02
1.074000000000e-05 9.806870870473e-02
1.075000000000e-05 9.773056404384e-02
1.076000000000e-05 9.739348319056e-02
1.077000000000e-05 9.705746339054e-02
1.078000000000e-05 9.672250189282e-02
1.079000000000e-05 9.638859594981e-02
1.080000000000e-05 9.605574281735e-02
1.081000000000e-05 9.572393975470e-02
1.082000000000e-05 9.539318402462e-02
1.083000000000e-05 9.506347289331e-02
1.084000000000e-05 9.473480363052e-02
1.085000000000e-05 9.440717350952e-02
1.086000000000e-05 9.408057980711e-02
1.087000000000e-05 9.375501980372e-02
1.088000000000e-05 9.343049078334e-02
1.089000000000e-05 9.310699003362e-02
1.090000000000e-05 9.278451484581e-02
1.091000000000e-05 9.246306251487e-02
1.092000000000e-05 9.214263033943e-02
1.093000000000e-05 9.182321562183e-02
1.094000000000e-05 9.150481566814e-02
1.095000000000e-05 9.118742778820e-02
1.096000000000e-05 9.087104929560e-02
1.097000000000e-05 9.055567750773e-02
1.098000000000e-05 9.024130974579e-02
1.099000000000e-05 8.992794333481e-02
1.100000000000e-05 8.961557560367e-02
1.101000000000e-05 8.930420388513e-02
1.102000000000e-05 8.899382551583e-02
1.103000000000e-05 8.868443783632e-02
1.104000000000e-05 8.837603819107e-02
1.105000000000e-05 8.806862392850e-02
1.106000000000e-05 8.776219240098e-02
1.107000000000e-05 8.745674096487e-02
1.108000000000e-05 8.715226698052e-02
1.109000000000e-05 8.684876781231e-02
1.110000000000e-05 8.654624082863e-02
1.111000000000e-05 8.624468340192e-02
1.112000000000e-05 8.594409290868e-02
1.113000000000e-05 8.564446672951e-02
1.114000000000e-05 8.534580224908e-02
1.115000000000e-05 8.504809685620e-02
1.116000000000e-05 8.475134794377e-02
1.117000000000e-05 8.445555290886e-02
1.118000000000e-05 8.416070915268e-02
1.119000000000e-05 8.386681408064e-02
1.120000000000e-05 8.357386510230e-02
1.121000000000e-05 8.328185963145e-02
1.122000000000e-05 8.299079508607e-02
1.123000000000e-05 8.270066888839e-02
1.124000000000e-05 8.241147846489e-02
1.125000000000e-05 8.212322124627e-02
1.126000000000e-05 8.183589466753e-02
1.127000000000e-05 8.154949616796e-02
1.128000000000e-05 8.126402319112e-02
1.129000000000e-05 8.097947318489e-02
1.130000000000e-05 8.069584360147e-02
1.131000000000e-05 8.041313189742e-02
1.132000000000e-05 8.013133553360e-02
1.133000000000e-05 7.985045197526e-02
1.134000000000e-05 7.957047869201e-02
1.135000000000e-05 7.929141315784e-02
1.136000000000e-05 7.901325285115e-02
1.137000000000e-05 7.873599525472e-02
1.138000000000e-05 7.845963785575e-02
1.139000000000e-05 7.818417814589e-02
1.140000000000e-05 7.790961362119e-02
1.141000000000e-05 7.763594178217e-02
1.142000000000e-05 7.736316013381e-02
1.143000000000e-05 7.709126618555e-02
1.144000000000e-05 7.682025745131e-02
1.145000000000e-05 7.655013144949e-02
1.146000000000e-05 7.628088570299e-02
1.147000000000e-05 7.601251773923e-02
1.148000000000e-05 7.574502509013e-02
1.149000000000e-05 7.547840529213e-02
1.150000000000e-05 7.521265588623e-02
1.151000000000e-05 7.494777441794e-02
1.152000000000e-05 7.468375843734e-02
1.153000000000e-05 7.442060549906e-02
1.154000000000e-05 7.415831316232e-02
1.155000000000e-05 7.389687899088e-02
1.156000000000e-05 7.363630055311e-02
1.157000000000e-05 7.337657542195e-02
1.158000000000e-05 7.311770117496e-02
1.159000000000e-05 7.285967539429e-02
1.160000000000e-05 7.260249566672e-02
1.161000000000e-05 7.234615958363e-02
1.162000000000e-05 7.209066474104e-02
1.163000000000e-05 7.183600873959e-02
1.164000000000e-05 7.158218918459e-02
1.165000000000e-05 7.132920368597e-02
1.166000000000e-05 7.107704985832e-02
1.167000000000e-05 7.082572532089e-02
1.168000000000e-05 7.057522769760e-02
1.169000000000e-05 7.032555461704e-02
1.170000000000e-05 7.007670371247e-02
1.171000000000e-05 6.982867262184e-02
1.172000000000e-05 6.958145898779e-02
1.173000000000e-05 6.933506045764e-02
1.174000000000e-05 6.908947468344e-02
1.175000000000e-05 6.884469932190e-02
1.176000000000e-05 6.860073203447e-02
1.177000000000e-05 6.835757048731e-02
1.178000000000e-05 6.811521235128e-02
1.179000000000e-05 6.787365530198e-02
1.180000000000e-05 6.763289701974e-02
1.181000000000e-05 6.739293518960e-02
1.182000000000e-05 6.715376750135e-02
1.183000000000e-05 6.691539164952e-02
1.184000000000e-05 6.667780533337e-02
1.185000000000e-05 6.644100625693e-02
1.186000000000e-05 6.620499212895e-02
1.187000000000e-05 6.596976066296e-02
1.188000000000e-05 6.573530957723e-02
1.189000000000e-05 6.550163659480e-02
1.190000000000e-05 6.526873944346e-02
1.191000000000e-05 6.503661585578e-02
1.192000000000e-05 6.480526356910e-02
1.193000000000e-05 6.457468032550e-02
1.194000000000e-05 6.434486387189e-02
1.195000000000e-05 6.411581195989e-02
1.196000000000e-05 6.388752234597e-02
1.197000000000e-05 6.365999279131e-02
1.198000000000e-05 6.343322106193e-02
1.199000000000e-05 6.320720492860e-02
1.200000000000e-05 6.298194216689e-02
1.201000000000e-05 6.275743055716e-02
1.202000000000e-05 6.253366788457e-02
1.203000000000e-05 6.231065193903e-02
1.204000000000e-05 6.208838051530e-02
1.205000000000e-05 6.186685141290e-02
1.206000000000e-05 6.164606243615e-02
1.207000000000e-05 6.142601139417e-02
1.208000000000e-05 6.120669610087e-02
1.209000000000e-05 6.098811437499e-02
1.210000000000e-05 6.077026404002e-02
1.211000000000e-05 6.055314292430e-02
1.212000000000e-05 6.033674886093e-02
1.213000000000e-05 6.012107968783e-02
1.214000000000e-05 5.990613324773e-02
1.215000000000e-05 5.969190738815e-02
1.216000000000e-05 5.947839996141e-02
1.217000000000e-05 5.926560882464e-02
1.218000000000e-05 5.905353183977e-02
1.219000000000e-05 5.884216687352e-02
1.220000000000e-05 5.863151179744e-02
1.221000000000e-05 5.842156448786e-02
1.222000000000e-05 5.821232282591e-02
1.223000000000e-05 5.800378469754e-02
1.224000000000e-05 5.779594799347e-02
1.225000000000e-05 5.758881060924e-02
1.226000000000e-05 5.738237044520e-02
1.227000000000e-05 5.717662540647e-02
1.228000000000e-05 5.697157340299e-02
1.229000000000e-05 5.676721234948e-02
1.230000000000e-05 5.656354016546e-02
1.231000000000e-05 5.636055477525e-02
1.232000000000e-05 5.615825410796e-02
1.233000000000e-05 5.595663609748e-02
1.234000000000e-05 5.575569868250e-02
1.235000000000e-05 5.555543980651e-02
1.236000000000e-05 5.535585741775e-02
1.237000000000e-05 5.515694946929e-02
1.238000000000e-05 5.495871391895e-02
1.239000000000e-05 5.476114872934e-02
1.240000000000e-05 5.456425186786e-02
1.241000000000e-05 5.436802130668e-02
1.242000000000e-05 5.417245502272e-02
1.243000000000e-05 5.397755099773e-02
1.244000000000e-05 5.378330721817e-02
1.245000000000e-05 5.358972167532e-02
1.246000000000e-05 5.339679236518e-02
1.247000000000e-05 5.320451728855e-02
1.248000000000e-05 5.301289445097e-02
1.249000000000e-05 5.282192186275e-02
1.250000000000e-05 5.263159753894e-02
1.251000000000e-05 5.244191949937e-02
1.252000000000e-05 5.225288576860e-02
1.253000000000e-05 5.206449437593e-02
1.254000000000e-05 5.187674335542e-02
1.255000000000e-05 5.168963074588e-02
1.256000000000e-05 5.150315459083e-02
1.257000000000e-05 5.131731293855e-02
1.258000000000e-05 5.113210384203e-02
1.259000000000e-05 5.094752535901e-02
1.260000000000e-05 5.076357555195e-02
1.261000000000e-05 5.058025248802e-02
1.262000000000e-05 5.039755423912e-02
1.263000000000e-05 5.021547888185e-02
1.264000000000e-05 5.003402449755e-02
1.265000000000e-05 4.985318917223e-02
1.266000000000e-05 4.967297099663e-02
1.267000000000e-05 4.949336806619e-02
1.268000000000e-05 4.931437848102e-02
1.269000000000e-05 4.913600034596e-02
1.270000000000e-05 4.895823177051e-02
1.271000000000e-05 4.878107086887e-02
1.272000000000e-05 4.860451575989e-02
1.273000000000e-05 4.842856456714e-02
1.274000000000e-05 4.825321541884e-02
1.275000000000e-05 4.807846644786e-02
1.276000000000e-05 4.790431579177e-02
1.277000000000e-05 4.773076159276e-02
1.278000000000e-05 4.755780199771e-02
1.279000000000e-05 4.738543515812e-02
1.280000000000e-05 4.721365923016e-02
1.281000000000e-05 4.704247237461e-02
1.282000000000e-05 4.687187275693e-02
1.283000000000e-05 4.670185854716e-02
1.284000000000e-05 4.653242792001e-02
1.285000000000e-05 4.636357905478e-02
1.286000000000e-05 4.619531013542e-02
1.287000000000e-05 4.602761935046e-02
1.288000000000e-05 4.586050489304e-02
1.289000000000e-05 4.569396496094e-02
1.290000000000e-05 4.552799775648e-02
1.291000000000e-05 4.536260148662e-02
1.292000000000e-05 4.519777436288e-02
1.293000000000e-05 4.503351460137e-02
1.294000000000e-05 4.486982042278e-02
1.295000000000e-05 4.470669005237e-02
1.296000000000e-05 4.454412171995e-02
1.297000000000e-05 4.438211365991e-02
1.298000000000e-05 4.422066411119e-02
1.299000000000e-05 4.405977131728e-02
1.300000000000e-05 4.389943352621e-02
1.301000000000e-05 4.373964899055e-02
1.302000000000e-05 4.358041596741e-02
1.303000000000e-05 4.342173271842e-02
1.304000000000e-05 4.326359750973e-02
1.305000000000e-05 4.310600861200e-02
1.306000000000e-05 4.294896430043e-02
1.307000000000e-05 4.279246285470e-02
1.308000000000e-05 4.263650255899e-02
1.309000000000e-05 4.248108170197e-02
1.310000000000e-05 4.232619857682e-02
1.311000000000e-05 4.217185148117e-02
1.312000000000e-05 4.201803871715e-02
1.313000000000e-05 4.186475859134e-02
1.314000000000e-05 4.171200941481e-02
1.315000000000e-05 4.155978950306e-02
1.316000000000e-05 4.140809717604e-02
1.317000000000e-05 4.125693075818e-02
1.318000000000e-05 4.110628857831e-02
1.319000000000e-05 4.095616896971e-02
1.320000000000e-05 4.080657027008e-02
1.321000000000e-05 4.065749082156e-02
1.322000000000e-05 4.050892897067e-02
1.323000000000e-05 4.036088306837e-02
1.324000000000e-05 4.021335146999e-02
1.325000000000e-05 4.006633253529e-02
1.326000000000e-05 3.991982462839e-02
1.327000000000e-05 3.977382611780e-02
1.328000000000e-05 3.962833537641e-02
1.329000000000e-05 3.948335078147e-02
1.330000000000e-05 3.933887071461e-02
1.331000000000e-05 3.919489356180e-02
1.332000000000e-05 3.905141771336e-02
1.333000000000e-05 3.890844156395e-02
1.334000000000e-05 3.876596351258e-02
1.335000000000e-05 3.862398196258e-02
1.336000000000e-05 3.848249532161e-02
1.337000000000e-05 3.834150200162e-02
1.338000000000e-05 3.820100041890e-02
1.339000000000e-05 3.806098899402e-02
1.340000000000e-05 3.792146615187e-02
1.341000000000e-05 3.778243032161e-02
1.342000000000e-05 3.764387993668e-02
1.343000000000e-05 3.750581343480e-02
1.344000000000e-05 3.736822925796e-02
1.345000000000e-05 3.723112585241e-02
1.346000000000e-05 3.709450166866e-02
1.347000000000e-05 3.695835516144e-02
1.348000000000e-05 3.682268478976e-02
1.349000000000e-05 3.668748901683e-02
1.350000000000e-05 3.655276631011e-02
1.351000000000e-05 3.641851514126e-02
1.352000000000e-05 3.628473398616e-02
1.353000000000e-05 3.615142132490e-02
1.354000000000e-05 3.601857564175e-02
1.355000000000e-05 3.588619542519e-02
1.356000000000e-05 3.575427916787e-02
1.357000000000e-05 3.562282536663e-02
1.358000000000e-05 3.549183252246e-02
1.359000000000e-05 3.536129914052e-02
1.360000000000e-05 3.523122373014e-02
1.361000000000e-05 3.510160480476e-02
1.362000000000e-05 3.497244088200e-02
1.363000000000e-05 3.484373048360e-02
1.364000000000e-05 3.471547213540e-02
1.365000000000e-05 3.458766436738e-02
1.366000000000e-05 3.446030571364e-02
1.367000000000e-05 3.433339471237e-02
1.368000000000e-05 3.420692990585e-02
1.369000000000e-05 3.408090984045e-02
1.370000000000e-05 3.395533306664e-02
1.371000000000e-05 3.383019813894e-02
1.372000000000e-05 3.370550361594e-02
1.373000000000e-05 3.358124806030e-02
1.374000000000e-05 3.345743003873e-02
1.375000000000e-05 3.333404812196e-02
1.376000000000e-05 3.321110088479e-02
1.377000000000e-05 3.308858690603e-02
1.378000000000e-05 3.296650476850e-02
1.379000000000e-05 3.284485305907e-02
1.380000000000e-05 3.272363036857e-02
1.381000000000e-05 3.260283529186e-02
1.382000000000e-05 3.248246642778e-02
1.383000000000e-05 3.236252237915e-02
1.384000000000e-05 3.224300175278e-02
1.385000000000e-05 3.212390315943e-02
1.386000000000e-05 3.200522521383e-02
1.387000000000e-05 3.188696653466e-02
1.388000000000e-05 3.176912574454e-02
1.389000000000e-05 3.165170147004e-02
1.390000000000e-05 3.153469234165e-02
1.391000000000e-05 3.141809699377e-02
1.392000000000e-05 3.130191406475e-02
1.393000000000e-05 3.118614219681e-02
1.394000000000e-05 3.107078003609e-02
1.395000000000e-05 3.095582623261e-02
1.396000000000e-05 3.084127944027e-02
1.397000000000e-05 3.072713831687e-02
1.398000000000e-05 3.061340152405e-02
1.399000000000e-05 3.050006772732e-02
1.400000000000e-05 3.038713559604e-02
1.401000000000e-05 3.027460380343e-02
1.402000000000e-05 3.016247102652e-02
1.403000000000e-05 3.005073594619e-02
1.404000000000e-05 2.993939724714e-02
1.405000000000e-05 2.982845361786e-02
1.406000000000e-05 2.971790375068e-02
1.407000000000e-05 2.960774634171e-02
1.408000000000e-05 2.949798009084e-02
1.409000000000e-05 2.938860370175e-02
1.410000000000e-05 2.927961588191e-02
1.411000000000e-05 2.917101534254e-02
1.412000000000e-05 2.906280079861e-02
1.413000000000e-05 2.895497096887e-02
1.414000000000e-05 2.884752457578e-02
1.415000000000e-05 2.874046034556e-02
1.416000000000e-05 2.863377700814e-02
1.417000000000e-05 2.852747329719e-02
1.418000000000e-05 2.842154795006e-02
1.419000000000e-05 2.831599970783e-02
1.420000000000e-05 2.821082731526e-02
1.421000000000e-05 2.810602952082e-02
1.422000000000e-05 2.800160507663e-02
1.423000000000e-05 2.789755273851e-02
1.424000000000e-05 2.779387126591e-02
1.425000000000e-05 2.769055942198e-02
1.426000000000e-05 2.758761597348e-02
1.427000000000e-05 2.748503969082e-02
1.428000000000e-05 2.738282934807e-02
1.429000000000e-05 2.728098372288e-02
1.430000000000e-05 2.717950159655e-02
1.431000000000e-05 2.707838175398e-02
1.432000000000e-05 2.697762298366e-02
1.433000000000e-05 2.687722407768e-02
1.434000000000e-05 2.677718383173e-02
1.435000000000e-05 2.667750104505e-02
1.436000000000e-05 2.657817452046e-02
1.437000000000e-05 2.647920306436e-02
1.438000000000e-05 2.638058548668e-02
1.439000000000e-05 2.628232060089e-02
1.440000000000e-05 2.618440722403e-02
1.441000000000e-05 2.608684417664e-02
1.442000000000e-05 2.598963028279e-02
1.443000000000e-05 2.589276437007e-02
1.444000000000e-05 2.579624526956e-02
1.445000000000e-05 2.570007181586e-02
1.446000000000e-05 2.560424284704e-02
1.447000000000e-05 2.550875720467e-02
1.448000000000e-05 2.541361373379e-02
1.449000000000e-05 2.531881128288e-02
1.450000000000e-05 2.522434870391e-02
1.451000000000e-05 2.513022485230e-02
1.452000000000e-05 2.503643858689e-02
1.453000000000e-05 2.494298876997e-02
1.454000000000e-05 2.484987426726e-02
1.455000000000e-05 2.475709394789e-02
1.456000000000e-05 2.466464668439e-02
1.457000000000e-05 2.457253135273e-02
1.458000000000e-05 2.448074683224e-02
1.459000000000e-05 2.438929200564e-02
1.460000000000e-05 2.429816575905e-02
1.461000000000e-05 2.420736698195e-02
1.462000000000e-05 2.411689456718e-02
1.463000000000e-05 2.402674741094e-02
1.464000000000e-05 2.393692441278e-02
1.465000000000e-05 2.384742447558e-02
1.466000000000e-05 2.375824650556e-02
1.467000000000e-05 2.366938941226e-02
1.468000000000e-05 2.358085210855e-02
1.469000000000e-05 2.349263351060e-02
1.470000000000e-05 2.340473253786e-02
1.471000000000e-05 2.331714811310e-02
1.472000000000e-05 2.322987916238e-02
1.473000000000e-05 2.314292461500e-02
1.474000000000e-05 2.305628340357e-02
1.475000000000e-05 2.296995446393e-02
1.476000000000e-05 2.288393673520e-02
1.477000000000e-05 2.279822915973e-02
1.478000000000e-05 2.271283068310e-02
1.479000000000e-05 2.262774025415e-02
1.480000000000e-05 2.254295682490e-02
1.481000000000e-05 2.245847935063e-02
1.482000000000e-05 2.237430678980e-02
1.483000000000e-05 2.229043810406e-02
1.484000000000e-05 2.220687225828e-02
1.485000000000e-05 2.212360822049e-02
1.486000000000e-05 2.204064496191e-02
1.487000000000e-05 2.195798145691e-02
1.488000000000e-05 2.187561668304e-02
1.489000000000e-05 2.179354962099e-02
1.490000000000e-05 2.171177925461e-02
1.491000000000e-05 2.163030457085e-02
1.492000000000e-05 2.154912455984e-02
1.493000000000e-05 2.146823821479e-02
1.494000000000e-05 2.138764453204e-02
1.495000000000e-05 2.130734251104e-02
1.496000000000e-05 2.122733115433e-02
1.497000000000e-05 2.114760946754e-02
1.498000000000e-05 2.106817645939e-02
1.499000000000e-05 2.098903114167e-02
1.500000000000e-05 2.091017252924e-02
1.501000000000e-05 2.083159964001e-02
1.502000000000e-05 2.075331149496e-02
1.503000000000e-05 2.067530711810e-02
1.504000000000e-05 2.059758553649e-02
1.505000000000e-05 2.052014578019e-02
1.506000000000e-05 2.044298688231e-02
1.507000000000e-05 2.036610787898e-02
1.508000000000e-05 2.028950780930e-02
1.509000000000e-05 2.021318571540e-02
1.510000000000e-05 2.013714064239e-02
1.511000000000e-05 2.006137163837e-02
1.512000000000e-05 1.998587775440e-02
1.513000000000e-05 1.991065804452e-02
1.514000000000e-05 1.983571156573e-02
1.515000000000e-05 1.976103737798e-02
1.516000000000e-05 1.968663454417e-02
1.517000000000e-05 1.961250213014e-02
1.518000000000e-05 1.953863920464e-02
1.519000000000e-05 1.946504483937e-02
1.520000000000e-05 1.939171810893e-02
1.521000000000e-05 1.931865809083e-02
1.522000000000e-05 1.924586386548e-02
1.523000000000e-05 1.917333451619e-02
1.524000000000e-05 1.910106912914e-02
1.525000000000e-05 1.902906679341e-02
1.526000000000e-05 1.895732660093e-02
1.527000000000e-05 1.888584764650e-02
1.528000000000e-05 1.881462902777e-02
1.529000000000e-05 1.874366984526e-02
1.530000000000e-05 1.867296920230e-02
1.531000000000e-05 1.860252620507e-02
1.532000000000e-05 1.853233996258e-02
1.533000000000e-05 1.846240958665e-02
1.534000000000e-05 1.839273419190e-02
1.535000000000e-05 1.832331289579e-02
1.536000000000e-05 1.825414481852e-02
1.537000000000e-05 1.818522908314e-02
1.538000000000e-05 1.811656481544e-02
1.539000000000e-05 1.804815114400e-02
1.540000000000e-05 1.797998720016e-02
1.541000000000e-05 1.791207211802e-02
1.542000000000e-05 1.784440503444e-02
1.543000000000e-05 1.777698508901e-02
1.544000000000e-05 1.770981142409e-02
1.545000000000e-05 1.764288318472e-02
1.546000000000e-05 1.757619951871e-02
1.547000000000e-05 1.750975957655e-02
1.548000000000e-05 1.744356251147e-02
1.549000000000e-05 1.737760747938e-02
1.550000000000e-05 1.731189363889e-02
1.551000000000e-05 1.724642015129e-02
1.552000000000e-05 1.718118618056e-02
1.553000000000e-05 1.711619089336e-02
1.554000000000e-05 1.705143345899e-02
1.555000000000e-05 1.698691304942e-02
1.556000000000e-05 1.692262883928e-02
1.557000000000e-05 1.685858000583e-02
1.558000000000e-05 1.679476572898e-02
1.559000000000e-05 1.673118519126e-02
1.560000000000e-05 1.666783757782e-02
1.561000000000e-05 1.660472207643e-02
1.562000000000e-05 1.654183787747e-02
1.563000000000e-05 1.647918417392e-02
1.564000000000e-05 1.641676016135e-02
1.565000000000e-05 1.635456503792e-02
1.566000000000e-05 1.629259800437e-02
1.567000000000e-05 1.623085826401e-02
1.568000000000e-05 1.616934502271e-02
1.569000000000e-05 1.610805748892e-02
1.570000000000e-05 1.604699487363e-02
1.571000000000e-05 1.598615639035e-02
1.572000000000e-05 1.592554125517e-02
1.573000000000e-05 1.586514868669e-02
1.574000000000e-05 1.580497790603e-02
1.575000000000e-05 1.574502813683e-02
1.576000000000e-05 1.568529860524e-02
1.577000000000e-05 1.562578853992e-02
1.578000000000e-05 1.556649717202e-02
1.579000000000e-05 1.550742373518e-02
1.580000000000e-05 1.544856746551e-02
1.581000000000e-05 1.538992760162e-02
1.582000000000e-05 1.533150338457e-02
1.583000000000e-05 1.527329405790e-02
1.584000000000e-05 1.521529886757e-02
1.585000000000e-05 1.515751706202e-02
1.586000000000e-05 1.509994789213e-02
1.587000000000e-05 1.504259061119e-02
1.588000000000e-05 1.498544447495e-02
1.589000000000e-05 1.492850874154e-02
1.590000000000e-05 1.487178267155e-02
1.591000000000e-05 1.481526552795e-02
1.592000000000e-05 1.475895657610e-02
1.593000000000e-05 1.470285508379e-02
1.594000000000e-05 1.464696032117e-02
1.595000000000e-05 1.459127156076e-02
1.596000000000e-05 1.453578807749e-02
1.597000000000e-05 1.448050914864e-02
1.598000000000e-05 1.442543405382e-02
1.599000000000e-05 1.437056207505e-02
1.600000000000e-05 1.431589249665e-02
1.601000000000e-05 1.426142460531e-02
1.602000000000e-05 1.420715769003e-02
1.603000000000e-05 1.415309104215e-02
1.604000000000e-05 1.409922395534e-02
1.605000000000e-05 1.404555572556e-02
1.606000000000e-05 1.399208565110e-02
1.607000000000e-05 1.393881303253e-02
1.608000000000e-05 1.388573717274e-02
1.609000000000e-05 1.383285737688e-02
1.610000000000e-05 1.378017295240e-02
1.611000000000e-05 1.372768320902e-02
1.612000000000e-05 1.367538745873e-02
1.613000000000e-05 1.362328501577e-02
1.614000000000e-05 1.357137519664e-02
1.615000000000e-05 1.351965732010e-02
1.616000000000e-05 1.346813070715e-02
1.617000000000e-05 1.341679468101e-02
1.618000000000e-05 1.336564856714e-02
1.619000000000e-05 1.331469169323e-02
1.620000000000e-05 1.326392338917e-02
1.621000000000e-05 1.321334298708e-02
1.622000000000e-05 1.316294982127e-02
1.623000000000e-05 1.311274322824e-02
1.624000000000e-05 1.306272254671e-02
1.625000000000e-05 1.301288711755e-02
1.626000000000e-05 1.296323628384e-02
1.627000000000e-05 1.291376939081e-02
1.628000000000e-05 1.286448578585e-02
1.629000000000e-05 1.281538481855e-02
1.630000000000e-05 1.276646584061e-02
1.631000000000e-05 1.271772820589e-02
1.632000000000e-05 1.266917127040e-02
1.633000000000e-05 1.262079439228e-02
1.634000000000e-05 1.257259693180e-02
1.635000000000e-05 1.252457825134e-02
1.636000000000e-05 1.247673771541e-02
1.637000000000e-05 1.242907469062e-02
1.638000000000e-05 1.238158854570e-02
1.639000000000e-05 1.233427865146e-02
1.640000000000e-05 1.228714438080e-02
1.641000000000e-05 1.224018510872e-02
1.642000000000e-05 1.219340021230e-02
1.643000000000e-05 1.214678907067e-02
1.644000000000e-05 1.210035106504e-02
1.645000000000e-05 1.205408557870e-02
1.646000000000e-05 1.200799199696e-02
1.647000000000e-05 1.196206970721e-02
1.648000000000e-05 1.191631809886e-02
1.649000000000e-05 1.187073656337e-02
1.650000000000e-05 1.182532449422e-02
1.651000000000e-05 1.178008128693e-02
1.652000000000e-05 1.173500633902e-02
1.653000000000e-05 1.169009905004e-02
1.654000000000e-05 1.164535882153e-02
1.655000000000e-05 1.160078505705e-02
1.656000000000e-05 1.155637716214e-02
1.657000000000e-05 1.151213454433e-02
1.658000000000e-05 1.146805661314e-02
1.659000000000e-05 1.142414278007e-02
1.660000000000e-05 1.138039245858e-02
1.661000000000e-05 1.133680506409e-02
1.662000000000e-05 1.129338001401e-02
1.663000000000e-05 1.125011672767e-02
1.664000000000e-05 1.120701462636e-02
1.665000000000e-05 1.116407313333e-02
1.666000000000e-05 1.112129167373e-02
1.667000000000e-05 1.107866967468e-02
1.668000000000e-05 1.103620656519e-02
1.669000000000e-05 1.099390177622e-02
1.670000000000e-05 1.095175474061e-02
1.671000000000e-05 1.090976489313e-02
1.672000000000e-05 1.086793167046e-02
1.673000000000e-05 1.082625451114e-02
1.674000000000e-05 1.078473285565e-02
1.675000000000e-05 1.074336614631e-02
1.676000000000e-05 1.070215382733e-02
1.677000000000e-05 1.066109534483e-02
1.678000000000e-05 1.062019014674e-02
1.679000000000e-05 1.057943768289e-02
1.680000000000e-05 1.053883740496e-02
1.681000000000e-05 1.049838876647e-02
1.682000000000e-05 1.045809122280e-02
1.683000000000e-05 1.041794423115e-02
1.684000000000e-05 1.037794725058e-02
1.685000000000e-05 1.033809974197e-02
1.686000000000e-05 1.029840116800e-02
1.687000000000e-05 1.025885099319e-02
1.688000000000e-05 1.021944868388e-02
1.689000000000e-05 1.018019370819e-02
1.690000000000e-05 1.014108553606e-02
1.691000000000e-05 1.010212363923e-02
1.692000000000e-05 1.006330749120e-02
1.693000000000e-05 1.002463656729e-02
1.694000000000e-05 9.986110344586e-03
1.695000000000e-05 9.947728301938e-03
1.696000000000e-05 9.909489919975e-03
1.697000000000e-05 9.871394681087e-03
1.698000000000e-05 9.833442069420e-03
1.699000000000e-05 9.795631570875e-03
1.700000000000e-05 9.757962673096e-03
1.701000000000e-05 9.720434865471e-03
1.702000000000e-05 9.683047639123e-03
1.703000000000e-05 9.645800486908e-03
1.704000000000e-05 9.608692903404e-03
1.705000000000e-05 9.571724384913e-03
1.706000000000e-05 9.534894429448e-03
1.707000000000e-05 9.498202536734e-03
1.708000000000e-05 9.461648208202e-03
1.709000000000e-05 9.425230946978e-03
1.710000000000e-05 9.388950257885e-03
1.711000000000e-05 9.352805647435e-03
1.712000000000e-05 9.316796623821e-03
1.713000000000e-05 9.280922696917e-03
1.714000000000e-05 9.245183378268e-03
1.715000000000e-05 9.209578181088e-03
1.716000000000e-05 9.174106620254e-03
1.717000000000e-05 9.138768212301e-03
1.718000000000e-05 9.103562475415e-03
1.719000000000e-05 9.068488929431e-03
1.720000000000e-05 9.033547095827e-03
1.721000000000e-05 8.998736497715e-03
1.722000000000e-05 8.964056659842e-03
1.723000000000e-05 8.929507108581e-03
1.724000000000e-05 8.895087371929e-03
1.725000000000e-05 8.860796979497e-03
1.726000000000e-05 8.826635462510e-03
1.727000000000e-05 8.792602353799e-03
1.728000000000e-05 8.758697187798e-03
1.729000000000e-05 8.724919500536e-03
1.730000000000e-05 8.691268829638e-03
1.731000000000e-05 8.657744714311e-03
1.732000000000e-05 8.624346695348e-03
1.733000000000e-05 8.591074315117e-03
1.734000000000e-05 8.557927117559e-03
1.735000000000e-05 8.524904648183e-03
1.736000000000e-05 8.492006454059e-03
1.737000000000e-05 8.459232083815e-03
1.738000000000e-05 8.426581087633e-03
1.739000000000e-05 8.394053017242e-03
1.740000000000e-05 8.361647425912e-03
1.741000000000e-05 8.329363868453e-03
1.742000000000e-05 8.297201901210e-03
1.743000000000e-05 8.265161082052e-03
1.744000000000e-05 8.233240970376e-03
1.745000000000e-05 8.201441127096e-03
1.746000000000e-05 8.169761114639e-03
1.747000000000e-05 8.138200496943e-03
1.748000000000e-05 8.106758839450e-03
1.749000000000e-05 8.075435709103e-03
1.750000000000e-05 8.044230674338e-03
1.751000000000e-05 8.013143305083e-03
1.752000000000e-05 7.982173172750e-03
1.753000000000e-05 7.951319850234e-03
1.754000000000e-05 7.920582911907e-03
1.755000000000e-05 7.889961933608e-03
1.756000000000e-05 7.859456492649e-03
1.757000000000e-05 7.829066167801e-03
1.758000000000e-05 7.798790539292e-03
1.759000000000e-05 7.768629188805e-03
1.760000000000e-05 7.738581699472e-03
1.761000000000e-05 7.708647655867e-03
1.762000000000e-05 7.678826644004e-03
1.763000000000e-05 7.649118251333e-03
1.764000000000e-05 7.619522066732e-03
1.765000000000e-05 7.590037680507e-03
1.766000000000e-05 7.560664684383e-03
1.767000000000e-05 7.531402671504e-03
1.768000000000e-05 7.502251236425e-03
1.769000000000e-05 7.473209975106e-03
1.770000000000e-05 7.444278484915e-03
1.771000000000e-05 7.415456364616e-03
1.772000000000e-05 7.386743214366e-03
1.773000000000e-05 7.358138635714e-03
1.774000000000e-05 7.329642231595e-03
1.775000000000e-05 7.301253606321e-03
1.776000000000e-05 7.272972365584e-03
1.777000000000e-05 7.244798116447e-03
1.778000000000e-05 7.216730467341e-03
1.779000000000e-05 7.188769028060e-03
1.780000000000e-05 7.160913409756e-03
1.781000000000e-05 7.133163224937e-03
1.782000000000e-05 7.105518087461e-03
1.783000000000e-05 7.077977612532e-03
1.784000000000e-05 7.050541416695e-03
1.785000000000e-05 7.023209117833e-03
1.786000000000e-05 6.995980335161e-03
1.787000000000e-05 6.968854689224e-03
1.788000000000e-05 6.941831801890e-03
1.789000000000e-05 6.914911296349e-03
1.790000000000e-05 6.888092797105e-03
1.791000000000e-05 6.861375929976e-03
1.792000000000e-05 6.834760322084e-03
1.793000000000e-05 6.808245601859e-03
1.794000000000e-05 6.781831399025e-03
1.795000000000e-05 6.755517344605e-03
1.796000000000e-05 6.729303070910e-03
1.797000000000e-05 6.703188211540e-03
1.798000000000e-05 6.677172401374e-03
1.799000000000e-05 6.651255276573e-03
1.800000000000e-05 6.625436474569e-03
1.801000000000e-05 6.599715634065e-03
1.802000000000e-05 6.574092395031e-03
1.803000000000e-05 6.548566398698e-03
1.804000000000e-05 6.523137287554e-03
1.805000000000e-05 6.497804705341e-03
1.806000000000e-05 6.472568297051e-03
1.807000000000e-05 6.447427708921e-03
1.808000000000e-05 6.422382588429e-03
1.809000000000e-05 6.397432584292e-03
1.810000000000e-05 6.372577346459e-03
1.811000000000e-05 6.347816526108e-03
1.812000000000e-05 6.323149775645e-03
1.813000000000e-05 6.298576748693e-03
1.814000000000e-05 6.274097100097e-03
1.815000000000e-05 6.249710485912e-03
1.816000000000e-05 6.225416563405e-03
1.817000000000e-05 6.201214991047e-03
1.818000000000e-05 6.177105428511e-03
1.819000000000e-05 6.153087536667e-03
1.820000000000e-05 6.129160977581e-03
1.821000000000e-05 6.105325414507e-03
1.822000000000e-05 6.081580511886e-03
1.823000000000e-05 6.057925935339e-03
1.824000000000e-05 6.034361351669e-03
1.825000000000e-05 6.010886428849e-03
1.826000000000e-05 5.987500836027e-03
1.827000000000e-05 5.964204243515e-03
1.828000000000e-05 5.940996322789e-03
1.829000000000e-05 5.917876746482e-03
1.830000000000e-05 5.894845188386e-03
1.831000000000e-05 5.871901323442e-03
1.832000000000e-05 5.849044827739e-03
1.833000000000e-05 5.826275378511e-03
1.834000000000e-05 5.803592654130e-03
1.835000000000e-05 5.780996334108e-03
1.836000000000e-05 5.758486099086e-03
1.837000000000e-05 5.736061630836e-03
1.838000000000e-05 5.713722612257e-03
1.839000000000e-05 5.691468727365e-03
1.840000000000e-05 5.669299661298e-03
1.841000000000e-05 5.647215100307e-03
1.842000000000e-05 5.625214731753e-03
1.843000000000e-05 5.603298244105e-03
1.844000000000e-05 5.581465326933e-03
1.845000000000e-05 5.559715670909e-03
1.846000000000e-05 5.538048967800e-03
1.847000000000e-05 5.516464910466e-03
1.848000000000e-05 5.494963192855e-03
1.849000000000e-05 5.473543510000e-03
1.850000000000e-05 5.452205558017e-03
1.851000000000e-05 5.430949034097e-03
1.852000000000e-05 5.409773636509e-03
1.853000000000e-05 5.388679064591e-03
1.854000000000e-05 5.367665018749e-03
1.855000000000e-05 5.346731200451e-03
1.856000000000e-05 5.325877312228e-03
1.857000000000e-05 5.305103057665e-03
1.858000000000e-05 5.284408141403e-03
1.859000000000e-05 5.263792269131e-03
1.860000000000e-05 5.243255147584e-03
1.861000000000e-05 5.222796484542e-03
1.862000000000e-05 5.202415988821e-03
1.863000000000e-05 5.182113370275e-03
1.864000000000e-05 5.161888339790e-03
1.865000000000e-05 5.141740609282e-03
1.866000000000e-05 5.121669891691e-03
1.867000000000e-05 5.101675900980e-03
1.868000000000e-05 5.081758352130e-03
1.869000000000e-05 5.061916961139e-03
1.870000000000e-05 5.042151445014e-03
1.871000000000e-05 5.022461521775e-03
1.872000000000e-05 5.002846910443e-03
1.873000000000e-05 4.983307331042e-03
1.874000000000e-05 4.963842504597e-03
1.875000000000e-05 4.944452153126e-03
1.876000000000e-05 4.925135999638e-03
1.877000000000e-05 4.905893768133e-03
1.878000000000e-05 4.886725183595e-03
1.879000000000e-05 4.867629971989e-03
1.880000000000e-05 4.848607860262e-03
1.881000000000e-05 4.829658576332e-03
1.882000000000e-05 4.810781849091e-03
1.883000000000e-05 4.791977408403e-03
1.884000000000e-05 4.773244985092e-03
1.885000000000e-05 4.754584310949e-03
1.886000000000e-05 4.735995118722e-03
1.887000000000e-05 4.717477142114e-03
1.888000000000e-05 4.699030115785e-03
1.889000000000e-05 4.680653775339e-03
1.890000000000e-05 4.662347857331e-03
1.891000000000e-05 4.644112099256e-03
1.892000000000e-05 4.625946239552e-03
1.893000000000e-05 4.607850017590e-03
1.894000000000e-05 4.589823173678e-03
1.895000000000e-05 4.571865449054e-03
1.896000000000e-05 4.553976585883e-03
1.897000000000e-05 4.536156327252e-03
1.898000000000e-05 4.518404417174e-03
1.899000000000e-05 4.500720600577e-03
1.900000000000e-05 4.483104623304e-03
1.901000000000e-05 4.465556232110e-03
1.902000000000e-05 4.448075174660e-03
1.903000000000e-05 4.430661199525e-03
1.904000000000e-05 4.413314056176e-03
1.905000000000e-05 4.396033494987e-03
1.906000000000e-05 4.378819267227e-03
1.907000000000e-05 4.361671125058e-03
1.908000000000e-05 4.344588821534e-03
1.909000000000e-05 4.327572110595e-03
1.910000000000e-05 4.310620747068e-03
1.911000000000e-05 4.293734486659e-03
1.912000000000e-05 4.276913085954e-03
1.913000000000e-05 4.260156302415e-03
1.914000000000e-05 4.243463894375e-03
1.915000000000e-05 4.226835621038e-03
1.916000000000e-05 4.210271242475e-03
1.917000000000e-05 4.193770519620e-03
1.918000000000e-05 4.177333214268e-03
1.919000000000e-05 4.160959089072e-03
1.920000000000e-05 4.144647907541e-03
1.921000000000e-05 4.128399434035e-03
1.922000000000e-05 4.112213433763e-03
1.923000000000e-05 4.096089672782e-03
1.924000000000e-05 4.080027917990e-03
1.925000000000e-05 4.064027937129e-03
1.926000000000e-05 4.048089498776e-03
1.927000000000e-05 4.032212372344e-03
1.928000000000e-05 4.016396328078e-03
1.929000000000e-05 4.000641137051e-03
1.930000000000e-05 3.984946571166e-03
1.931000000000e-05 3.969312403145e-03
1.932000000000e-05 3.953738406535e-03
1.933000000000e-05 3.938224355697e-03
1.934000000000e-05 3.922770025810e-03
1.935000000000e-05 3.907375192865e-03
1.936000000000e-05 3.892039633663e-03
1.937000000000e-05 3.876763125810e-03
1.938000000000e-05 3.861545447718e-03
1.939000000000e-05 3.846386378600e-03
1.940000000000e-05 3.831285698466e-03
1.941000000000e-05 3.816243188126e-03
1.942000000000e-05 3.801258629179e-03
1.943000000000e-05 3.786331804016e-03
1.944000000000e-05 3.771462495816e-03
1.945000000000e-05 3.756650488544e-03
1.946000000000e-05 3.741895566946e-03
1.947000000000e-05 3.727197516547e-03
1.948000000000e-05 3.712556123652e-03
1.949000000000e-05 3.697971175337e-03
1.950000000000e-05 3.683442459453e-03
1.951000000000e-05 3.668969764617e-03
1.952000000000e-05 3.654552880215e-03
1.953000000000e-05 3.640191596395e-03
1.954000000000e-05 3.625885704068e-03
1.955000000000e-05 3.611634994902e-03
1.956000000000e-05 3.597439261321e-03
1.957000000000e-05 3.583298296504e-03
1.958000000000e-05 3.569211894379e-03
1.959000000000e-05 3.555179849624e-03
1.960000000000e-05 3.541201957660e-03
1.961000000000e-05 3.527278014655e-03
1.962000000000e-05 3.513407817514e-03
1.963000000000e-05 3.499591163881e-03
1.964000000000e-05 3.485827852136e-03
1.965000000000e-05 3.472117681392e-03
1.966000000000e-05 3.458460451492e-03
1.967000000000e-05 3.444855963007e-03
1.968000000000e-05 3.431304017233e-03
1.969000000000e-05 3.417804416189e-03
1.970000000000e-05 3.404356962615e-03
1.971000000000e-05 3.390961459968e-03
1.972000000000e-05 3.377617712420e-03
1.973000000000e-05 3.364325524859e-03
1.974000000000e-05 3.351084702879e-03
1.975000000000e-05 3.337895052786e-03
1.976000000000e-05 3.324756381588e-03
1.977000000000e-05 3.311668496999e-03
1.978000000000e-05 3.298631207433e-03
1.979000000000e-05 3.285644322002e-03
1.980000000000e-05 3.272707650512e-03
1.981000000000e-05 3.259821003466e-03
1.982000000000e-05 3.246984192056e-03
1.983000000000e-05 3.234197028163e-03
1.984000000000e-05 3.221459324354e-03
1.985000000000e-05 3.208770893881e-03
1.986000000000e-05 3.196131550675e-03
1.987000000000e-05 3.183541109350e-03
1.988000000000e-05 3.170999385193e-03
1.989000000000e-05 3.158506194168e-03
1.990000000000e-05 3.146061352911e-03
1.991000000000e-05 3.133664678725e-03
1.992000000000e-05 3.121315989585e-03
1.993000000000e-05 3.109015104127e-03
1.994000000000e-05 3.096761841652e-03
1.995000000000e-05 3.084556022122e-03
1.996000000000e-05 3.072397466156e-03
1.997000000000e-05 3.060285995028e-03
1.998000000000e-05 3.048221430669e-03
1.999000000000e-05 3.036203595659e-03
2.000000000000e-05 3.024232313226e-03
2.001000000000e-05 3.012307407248e-03
2.002000000000e-05 3.000428702246e-03
2.003000000000e-05 2.988596023383e-03
2.004000000000e-05 2.976809196462e-03
2.005000000000e-05 2.965068047926e-03
2.006000000000e-05 2.953372404851e-03
2.007000000000e-05 2.941722094948e-03
2.008000000000e-05 2.930116946559e-03
2.009000000000e-05 2.918556788655e-03
2.010000000000e-05 2.907041450834e-03
2.011000000000e-05 2.895570763319e-03
2.012000000000e-05 2.884144556954e-03
2.013000000000e-05 2.872762663206e-03
2.014000000000e-05 2.861424914156e-03
2.015000000000e-05 2.850131142506e-03
2.016000000000e-05 2.838881181569e-03
2.017000000000e-05 2.827674865269e-03
2.018000000000e-05 2.816512028141e-03
2.019000000000e-05 2.805392505328e-03
2.020000000000e-05 2.794316132576e-03
2.021000000000e-05 2.783282746237e-03
2.022000000000e-05 2.772292183263e-03
2.023000000000e-05 2.761344281203e-03
2.024000000000e-05 2.750438878205e-03
2.025000000000e-05 2.739575813013e-03
2.026000000000e-05 2.728754924959e-03
2.027000000000e-05 2.717976053972e-03
2.028000000000e-05 2.707239040564e-03
2.029000000000e-05 2.696543725836e-03
2.030000000000e-05 2.685889951474e-03
2.031000000000e-05 2.675277559744e-03
2.032000000000e-05 2.664706393496e-03
2.033000000000e-05 2.654176296154e-03
2.034000000000e-05 2.643687111721e-03
2.035000000000e-05 2.633238684775e-03
2.036000000000e-05 2.622830860464e-03
2.037000000000e-05 2.612463484506e-03
2.038000000000e-05 2.602136403190e-03
2.039000000000e-05 2.591849463369e-03
2.040000000000e-05 2.581602512460e-03
2.041000000000e-05 2.571395398444e-03
2.042000000000e-05 2.561227969861e-03
2.043000000000e-05 2.551100075809e-03
2.044000000000e-05 2.541011565944e-03
2.045000000000e-05 2.530962290474e-03
2.046000000000e-05 2.520952100161e-03
2.047000000000e-05 2.510980846317e-03
2.048000000000e-05 2.501048380803e-03
2.049000000000e-05 2.491154556027e-03
2.050000000000e-05 2.481299224939e-03
2.051000000000e-05 2.471482241035e-03
2.052000000000e-05 2.461703458350e-03
2.053000000000e-05 2.451962731459e-03
2.054000000000e-05 2.442259915472e-03
2.055000000000e-05 2.432594866037e-03
2.056000000000e-05 2.422967439333e-03
2.057000000000e-05 2.413377492071e-03
2.058000000000e-05 2.403824881492e-03
2.059000000000e-05 2.394309465364e-03
2.060000000000e-05 2.384831101981e-03
2.061000000000e-05 2.375389650160e-03
2.062000000000e-05 2.365984969242e-03
2.063000000000e-05 2.356616919086e-03
2.064000000000e-05 2.347285360071e-03
2.065000000000e-05 2.337990153091e-03
2.066000000000e-05 2.328731159557e-03
2.067000000000e-05 2.319508241390e-03
2.068000000000e-05 2.310321261023e-03
2.069000000000e-05 2.301170081401e-03
2.070000000000e-05 2.292054565971e-03
2.071000000000e-05 2.282974578691e-03
2.072000000000e-05 2.273929984019e-03
2.073000000000e-05 2.264920646917e-03
2.074000000000e-05 2.255946432847e-03
2.075000000000e-05 2.247007207770e-03
2.076000000000e-05 2.238102838141e-03
2.077000000000e-05 2.229233190914e-03
2.078000000000e-05 2.220398133532e-03
2.079000000000e-05 2.211597533934e-03
2.080000000000e-05 2.202831260544e-03
2.081000000000e-05 2.194099182278e-03
2.082000000000e-05 2.185401168536e-03
2.083000000000e-05 2.176737089202e-03
2.084000000000e-05 2.168106814645e-03
2.085000000000e-05 2.159510215713e-03
2.086000000000e-05 2.150947163735e-03
2.087000000000e-05 2.142417530516e-03
2.088000000000e-05 2.133921188339e-03
2.089000000000e-05 2.125458009958e-03
2.090000000000e-05 2.117027868603e-03
2.091000000000e-05 2.108630637973e-03
2.092000000000e-05 2.100266192237e-03
2.093000000000e-05 2.091934406030e-03
2.094000000000e-05 2.083635154456e-03
2.095000000000e-05 2.075368313079e-03
2.096000000000e-05 2.067133757930e-03
2.097000000000e-05 2.058931365497e-03
2.098000000000e-05 2.050761012729e-03
2.099000000000e-05 2.042622577034e-03
2.100000000000e-05 2.034515936273e-03
2.101000000000e-05 2.026440968763e-03
2.102000000000e-05 2.018397553275e-03
2.103000000000e-05 2.010385569028e-03
2.104000000000e-05 2.002404895694e-03
2.105000000000e-05 1.994455413389e-03
2.106000000000e-05 1.986537002680e-03
2.107000000000e-05 1.978649544574e-03
2.108000000000e-05 1.970792920523e-03
2.109000000000e-05 1.962967012423e-03
2.110000000000e-05 1.955171702606e-03
2.111000000000e-05 1.947406873845e-03
2.112000000000e-05 1.939672409348e-03
2.113000000000e-05 1.931968192760e-03
2.114000000000e-05 1.924294108158e-03
2.115000000000e-05 1.916650040053e-03
2.116000000000e-05 1.909035873385e-03
2.117000000000e-05 1.901451493524e-03
2.118000000000e-05 1.893896786266e-03
2.119000000000e-05 1.886371637835e-03
2.120000000000e-05 1.878875934878e-03
2.121000000000e-05 1.871409564466e-03
2.122000000000e-05 1.863972414091e-03
2.123000000000e-05 1.856564371664e-03
2.124000000000e-05 1.849185325516e-03
2.125000000000e-05 1.841835164393e-03
2.126000000000e-05 1.834513777459e-03
2.127000000000e-05 1.827221054289e-03
2.128000000000e-05 1.819956884871e-03
2.129000000000e-05 1.812721159607e-03
2.130000000000e-05 1.805513769305e-03
2.131000000000e-05 1.798334605182e-03
2.132000000000e-05 1.791183558861e-03
2.133000000000e-05 1.784060522372e-03
2.134000000000e-05 1.776965388147e-03
2.135000000000e-05 1.769898049020e-03
2.136000000000e-05 1.762858398226e-03
2.137000000000e-05 1.755846329400e-03
2.138000000000e-05 1.748861736574e-03
2.139000000000e-05 1.741904514177e-03
2.140000000000e-05 1.734974557033e-03
2.141000000000e-05 1.728071760357e-03
2.142000000000e-05 1.721196019761e-03
2.143000000000e-05 1.714347231244e-03
2.144000000000e-05 1.707525291194e-03
2.145000000000e-05 1.700730096391e-03
2.146000000000e-05 1.693961543996e-03
2.147000000000e-05 1.687219531559e-03
2.148000000000e-05 1.680503957013e-03
2.149000000000e-05 1.673814718673e-03
2.150000000000e-05 1.667151715233e-03
2.151000000000e-05 1.660514845771e-03
2.152000000000e-05 1.653904009739e-03
2.153000000000e-05 1.647319106969e-03
2.154000000000e-05 1.640760037665e-03
2.155000000000e-05 1.634226702409e-03
2.156000000000e-05 1.627719002153e-03
2.157000000000e-05 1.621236838221e-03
2.158000000000e-05 1.614780112309e-03
2.159000000000e-05 1.608348726479e-03
2.160000000000e-05 1.601942583163e-03
2.161000000000e-05 1.595561585156e-03
2.162000000000e-05 1.589205635620e-03
2.163000000000e-05 1.582874638081e-03
2.164000000000e-05 1.576568496425e-03
2.165000000000e-05 1.570287114901e-03
2.166000000000e-05 1.564030398115e-03
2.167000000000e-05 1.557798251035e-03
2.168000000000e-05 1.551590578981e-03
2.169000000000e-05 1.545407287634e-03
2.170000000000e-05 1.539248283024e-03
2.171000000000e-05 1.533113471538e-03
2.172000000000e-05 1.527002759914e-03
2.173000000000e-05 1.520916055238e-03
2.174000000000e-05 1.514853264949e-03
2.175000000000e-05 1.508814296832e-03
2.176000000000e-05 1.502799059018e-03
2.177000000000e-05 1.496807459985e-03
2.178000000000e-05 1.490839408555e-03
2.179000000000e-05 1.484894813891e-03
2.180000000000e-05 1.478973585500e-03
2.181000000000e-05 1.473075633229e-03
2.182000000000e-05 1.467200867263e-03
2.183000000000e-05 1.461349198126e-03
2.184000000000e-05 1.455520536679e-03
2.185000000000e-05 1.449714794118e-03
2.186000000000e-05 1.443931881974e-03
2.187000000000e-05 1.438171712110e-03
2.188000000000e-05 1.432434196722e-03
2.189000000000e-05 1.426719248335e-03
2.190000000000e-05 1.421026779806e-03
2.191000000000e-05 1.415356704319e-03
2.192000000000e-05 1.409708935384e-03
2.193000000000e-05 1.404083386838e-03
2.194000000000e-05 1.398479972844e-03
2.195000000000e-05 1.392898607887e-03
2.196000000000e-05 1.387339206773e-03
2.197000000000e-05 1.381801684632e-03
2.198000000000e-05 1.376285956913e-03
2.199000000000e-05 1.370791939384e-03
2.200000000000e-05 1.365319548129e-03
2.201000000000e-05 1.359868699550e-03
2.202000000000e-05 1.354439310366e-03
2.203000000000e-05 1.349031297607e-03
2.204000000000e-05 1.343644578618e-03
2.205000000000e-05 1.338279071055e-03
2.206000000000e-05 1.332934692887e-03
2.207000000000e-05 1.327611362389e-03
2.208000000000e-05 1.322308998147e-03
2.209000000000e-05 1.317027519055e-03
2.210000000000e-05 1.311766844312e-03
2.211000000000e-05 1.306526893421e-03
2.212000000000e-05 1.301307586193e-03
2.213000000000e-05 1.296108842737e-03
2.214000000000e-05 1.290930583468e-03
2.215000000000e-05 1.285772729099e-03
2.216000000000e-05 1.280635200644e-03
2.217000000000e-05 1.275517919415e-03
2.218000000000e-05 1.270420807022e-03
2.219000000000e-05 1.265343785372e-03
2.220000000000e-05 1.260286776665e-03
2.221000000000e-05 1.255249703397e-03
2.222000000000e-05 1.250232488356e-03
2.223000000000e-05 1.245235054624e-03
2.224000000000e-05 1.240257325572e-03
2.225000000000e-05 1.235299224862e-03
2.226000000000e-05 1.230360676444e-03
2.227000000000e-05 1.225441604557e-03
2.228000000000e-05 1.220541933726e-03
2.229000000000e-05 1.215661588761e-03
2.230000000000e-05 1.210800494758e-03
2.231000000000e-05 1.205958577097e-03
2.232000000000e-05 1.201135761438e-03
2.233000000000e-05 1.196331973724e-03
2.234000000000e-05 1.191547140181e-03
2.235000000000e-05 1.186781187309e-03
2.236000000000e-05 1.182034041893e-03
2.237000000000e-05 1.177305630989e-03
2.238000000000e-05 1.172595881934e-03
2.239000000000e-05 1.167904722339e-03
2.240000000000e-05 1.163232080088e-03
2.241000000000e-05 1.158577883341e-03
2.242000000000e-05 1.153942060528e-03
2.243000000000e-05 1.149324540352e-03
2.244000000000e-05 1.144725251786e-03
2.245000000000e-05 1.140144124071e-03
2.246000000000e-05 1.135581086719e-03
2.247000000000e-05 1.131036069506e-03
2.248000000000e-05 1.126509002478e-03
2.249000000000e-05 1.121999815945e-03
2.250000000000e-05 1.117508440480e-03
2.251000000000e-05 1.113034806922e-03
2.252000000000e-05 1.108578846370e-03
2.253000000000e-05 1.104140490188e-03
2.254000000000e-05 1.099719669996e-03
2.255000000000e-05 1.095316317678e-03
2.256000000000e-05 1.090930365375e-03
2.257000000000e-05 1.086561745484e-03
2.258000000000e-05 1.082210390662e-03
2.259000000000e-05 1.077876233820e-03
2.260000000000e-05 1.073559208123e-03
2.261000000000e-05 1.069259246992e-03
2.262000000000e-05 1.064976284100e-03
2.263000000000e-05 1.060710253373e-03
2.264000000000e-05 1.056461088986e-03
2.265000000000e-05 1.052228725366e-03
2.266000000000e-05 1.048013097190e-03
2.267000000000e-05 1.043814139382e-03
2.268000000000e-05 1.039631787113e-03
2.269000000000e-05 1.035465975802e-03
2.270000000000e-05 1.031316641113e-03
2.271000000000e-05 1.027183718956e-03
2.272000000000e-05 1.023067145482e-03
2.273000000000e-05 1.018966857088e-03
2.274000000000e-05 1.014882790410e-03
2.275000000000e-05 1.010814882329e-03
2.276000000000e-05 1.006763069963e-03
2.277000000000e-05 1.002727290671e-03
2.278000000000e-05 9.987074820504e-04
2.279000000000e-05 9.947035819350e-04
2.280000000000e-05 9.907155283966e-04
2.281000000000e-05 9.867432597426e-04
2.282000000000e-05 9.827867145152e-04
2.283000000000e-05 9.788458314910e-04
2.284000000000e-05 9.749205496797e-04
2.285000000000e-05 9.710108083233e-04
2.286000000000e-05 9.671165468955e-04
2.287000000000e-05 9.632377051006e-04
2.288000000000e-05 9.593742228729e-04
2.289000000000e-05 9.555260403755e-04
2.290000000000e-05 9.516930979996e-04
2.291000000000e-05 9.478753363639e-04
2.292000000000e-05 9.440726963133e-04
2.293000000000e-05 9.402851189187e-04
2.294000000000e-05 9.365125454752e-04
2.295000000000e-05 9.327549175025e-04
2.296000000000e-05 9.290121767428e-04
2.297000000000e-05 9.252842651610e-04
2.298000000000e-05 9.215711249434e-04
2.299000000000e-05 9.178726984968e-04
2.300000000000e-05 9.141889284479e-04
2.301000000000e-05 9.105197576425e-04
2.302000000000e-05 9.068651291444e-04
2.303000000000e-05 9.032249862350e-04
2.304000000000e-05 8.995992724122e-04
2.305000000000e-05 8.959879313896e-04
2.306000000000e-05 8.923909070959e-04
2.307000000000e-05 8.888081436740e-04
2.308000000000e-05 8.852395854801e-04
2.309000000000e-05 8.816851770830e-04
2.310000000000e-05 8.781448632634e-04
2.311000000000e-05 8.746185890129e-04
2.312000000000e-05 8.711062995333e-04
2.313000000000e-05 8.676079402362e-04
2.314000000000e-05 8.641234567414e-04
2.315000000000e-05 8.606527948769e-04
2.316000000000e-05 8.571959006779e-04
2.317000000000e-05 8.537527203856e-04
2.318000000000e-05 8.503232004473e-04
2.319000000000e-05 8.469072875146e-04
2.320000000000e-05 8.435049284435e-04
2.321000000000e-05 8.401160702933e-04
2.322000000000e-05 8.367406603258e-04
2.323000000000e-05 8.333786460045e-04
2.324000000000e-05 8.300299749941e-04
2.325000000000e-05 8.266945951596e-04
2.326000000000e-05 8.233724545654e-04
2.327000000000e-05 8.200635014748e-04
2.328000000000e-05 8.167676843493e-04
2.329000000000e-05 8.134849518476e-04
2.330000000000e-05 8.102152528250e-04
2.331000000000e-05 8.069585363327e-04
2.332000000000e-05 8.037147516170e-04
2.333000000000e-05 8.004838481188e-04
2.334000000000e-05 7.972657754725e-04
2.335000000000e-05 7.940604835055e-04
2.336000000000e-05 7.908679222374e-04
2.337000000000e-05 7.876880418795e-04
2.338000000000e-05 7.845207928338e-04
2.339000000000e-05 7.813661256923e-04
2.340000000000e-05 7.782239912368e-04
2.341000000000e-05 7.750943404373e-04
2.342000000000e-05 7.719771244520e-04
2.343000000000e-05 7.688722946265e-04
2.344000000000e-05 7.657798024929e-04
2.345000000000e-05 7.626995997691e-04
2.346000000000e-05 7.596316383583e-04
2.347000000000e-05 7.565758703482e-04
2.348000000000e-05 7.535322480102e-04
2.349000000000e-05 7.505007237991e-04
2.350000000000e-05 7.474812503519e-04
2.351000000000e-05 7.444737804875e-04
2.352000000000e-05 7.414782672058e-04
2.353000000000e-05 7.384946636871e-04
2.354000000000e-05 7.355229232916e-04
2.355000000000e-05 7.325629995584e-04
2.356000000000e-05 7.296148462051e-04
2.357000000000e-05 7.266784171269e-04
2.358000000000e-05 7.237536663962e-04
2.359000000000e-05 7.208405482617e-04
2.360000000000e-05 7.179390171481e-04
2.361000000000e-05 7.150490276547e-04
2.362000000000e-05 7.121705345557e-04
2.363000000000e-05 7.093034927989e-04
2.364000000000e-05 7.064478575051e-04
2.365000000000e-05 7.036035839679e-04
2.366000000000e-05 7.007706276524e-04
2.367000000000e-05 6.979489441951e-04
2.368000000000e-05 6.951384894029e-04
2.369000000000e-05 6.923392192528e-04
2.370000000000e-05 6.895510898910e-04
2.371000000000e-05 6.867740576323e-04
2.372000000000e-05 6.840080789594e-04
2.373000000000e-05 6.812531105228e-04
2.374000000000e-05 6.785091091392e-04
2.375000000000e-05 6.757760317918e-04
2.376000000000e-05 6.730538356293e-04
2.377000000000e-05 6.703424779651e-04
2.378000000000e-05 6.676419162770e-04
2.379000000000e-05 6.649521082064e-04
2.380000000000e-05 6.622730115577e-04
2.381000000000e-05 6.596045842980e-04
2.382000000000e-05 6.569467845558e-04
2.383000000000e-05 6.542995706210e-04
2.384000000000e-05 6.516629009443e-04
2.385000000000e-05 6.490367341362e-04
2.386000000000e-05 6.464210289665e-04
2.387000000000e-05 6.438157443640e-04
2.388000000000e-05 6.412208394157e-04
2.389000000000e-05 6.386362733661e-04
2.390000000000e-05 6.360620056169e-04
2.391000000000e-05 6.334979957259e-04
2.392000000000e-05 6.309442034072e-04
2.393000000000e-05 6.284005885298e-04
2.394000000000e-05 6.258671111176e-04
2.395000000000e-05 6.233437313484e-04
2.396000000000e-05 6.208304095536e-04
2.397000000000e-05 6.183271062177e-04
2.398000000000e-05 6.158337819773e-04
2.399000000000e-05 6.133503976209e-04
2.400000000000e-05 6.108769140884e-04
2.401000000000e-05 6.084132924701e-04
2.402000000000e-05 6.059594940064e-04
2.403000000000e-05 6.035154800874e-04
2.404000000000e-05 6.010812122520e-04
2.405000000000e-05 5.986566521876e-04
2.406000000000e-05 5.962417617294e-04
2.407000000000e-05 5.938365028599e-04
2.408000000000e-05 5.914408377083e-04
2.409000000000e-05 5.890547285500e-04
2.410000000000e-05 5.866781378059e-04
2.411000000000e-05 5.843110280422e-04
2.412000000000e-05 5.819533619696e-04
2.413000000000e-05 5.796051024426e-04
2.414000000000e-05 5.772662124593e-04
2.415000000000e-05 5.749366551607e-04
2.416000000000e-05 5.726163938301e-04
2.417000000000e-05 5.703053918926e-04
2.418000000000e-05 5.680036129148e-04
2.419000000000e-05 5.657110206039e-04
2.420000000000e-05 5.634275788072e-04
2.421000000000e-05 5.611532515121e-04
2.422000000000e-05 5.588880028447e-04
2.423000000000e-05 5.566317970701e-04
2.424000000000e-05 5.543845985915e-04
2.425000000000e-05 5.521463719495e-04
2.426000000000e-05 5.499170818219e-04
2.427000000000e-05 5.476966930232e-04
2.428000000000e-05 5.454851705038e-04
2.429000000000e-05 5.432824793497e-04
2.430000000000e-05 5.410885847818e-04
2.431000000000e-05 5.389034521558e-04
2.432000000000e-05 5.367270469611e-04
2.433000000000e-05 5.345593348209e-04
2.434000000000e-05 5.324002814911e-04
2.435000000000e-05 5.302498528605e-04
2.436000000000e-05 5.281080149494e-04
2.437000000000e-05 5.259747339100e-04
2.438000000000e-05 5.238499760254e-04
2.439000000000e-05 5.217337077091e-04
2.440000000000e-05 5.196258955047e-04
2.441000000000e-05 5.175265060854e-04
2.442000000000e-05 5.154355062532e-04
2.443000000000e-05 5.133528629390e-04
2.444000000000e-05 5.112785432014e-04
2.445000000000e-05 5.092125142268e-04
2.446000000000e-05 5.071547433287e-04
2.447000000000e-05 5.051051979470e-04
2.448000000000e-05 5.030638456480e-04
2.449000000000e-05 5.010306541234e-04
2.450000000000e-05 4.990055911905e-04
2.451000000000e-05 4.969886247907e-04
2.452000000000e-05 4.949797229902e-04
2.453000000000e-05 4.929788539786e-04
2.454000000000e-05 4.909859860690e-04
2.455000000000e-05 4.890010876972e-04
2.456000000000e-05 4.870241274215e-04
2.457000000000e-05 4.850550739220e-04
2.458000000000e-05 4.830938960002e-04
2.459000000000e-05 4.811405625787e-04
2.460000000000e-05 4.791950427005e-04
2.461000000000e-05 4.772573055289e-04
2.462000000000e-05 4.753273203465e-04
2.463000000000e-05 4.734050565552e-04
2.464000000000e-05 4.714904836756e-04
2.465000000000e-05 4.695835713466e-04
2.466000000000e-05 4.676842893249e-04
2.467000000000e-05 4.657926074844e-04
2.468000000000e-05 4.639084958162e-04
2.469000000000e-05 4.620319244275e-04
2.470000000000e-05 4.601628635419e-04
2.471000000000e-05 4.583012834984e-04
2.472000000000e-05 4.564471547512e-04
2.473000000000e-05 4.546004478691e-04
2.474000000000e-05 4.527611335353e-04
2.475000000000e-05 4.509291825469e-04
2.476000000000e-05 4.491045658142e-04
2.477000000000e-05 4.472872543606e-04
2.478000000000e-05 4.454772193222e-04
2.479000000000e-05 4.436744319470e-04
2.480000000000e-05 4.418788635948e-04
2.481000000000e-05 4.400904857366e-04
2.482000000000e-05 4.383092699544e-04
2.483000000000e-05 4.365351879405e-04
2.484000000000e-05 4.347682114973e-04
2.485000000000e-05 4.330083125366e-04
2.486000000000e-05 4.312554630797e-04
2.487000000000e-05 4.295096352565e-04
2.488000000000e-05 4.277708013051e-04
2.489000000000e-05 4.260389335717e-04
2.490000000000e-05 4.243140045100e-04
2.491000000000e-05 4.225959866809e-04
2.492000000000e-05 4.208848527519e-04
2.493000000000e-05 4.191805754967e-04
2.494000000000e-05 4.174831277952e-04
2.495000000000e-05 4.157924826326e-04
2.496000000000e-05 4.141086130991e-04
2.497000000000e-05 4.124314923898e-04
2.498000000000e-05 4.107610938041e-04
2.499000000000e-05 4.090973907451e-04
2.500000000000e-05 4.074403567195e-04
2.501000000000e-05 4.057899653372e-04
2.502000000000e-05 4.041461903107e-04
2.503000000000e-05 4.025090054550e-04
2.504000000000e-05 4.008783846867e-04
2.505000000000e-05 3.992543020243e-04
2.506000000000e-05 3.976367315873e-04
2.507000000000e-05 3.960256475960e-04
2.508000000000e-05 3.944210243711e-04
2.509000000000e-05 3.928228363333e-04
2.510000000000e-05 3.912310580028e-04
2.511000000000e-05 3.896456639994e-04
2.512000000000e-05 3.880666290414e-04
2.513000000000e-05 3.864939279457e-04
2.514000000000e-05 3.849275356276e-04
2.515000000000e-05 3.833674270996e-04
2.516000000000e-05 3.818135774721e-04
2.517000000000e-05 3.802659619521e-04
2.518000000000e-05 3.787245558436e-04
2.519000000000e-05 3.771893345465e-04
2.520000000000e-05 3.756602735569e-04
2.521000000000e-05 3.741373484662e-04
2.522000000000e-05 3.726205349610e-04
2.523000000000e-05 3.711098088229e-04
2.524000000000e-05 3.696051459277e-04
2.525000000000e-05 3.681065222454e-04
2.526000000000e-05 3.666139138396e-04
2.527000000000e-05 3.651272968675e-04
2.528000000000e-05 3.636466475790e-04
2.529000000000e-05 3.621719423169e-04
2.530000000000e-05 3.607031575162e-04
2.531000000000e-05 3.592402697038e-04
2.532000000000e-05 3.577832554982e-04
2.533000000000e-05 3.563320916093e-04
2.534000000000e-05 3.548867548376e-04
2.535000000000e-05 3.534472220745e-04
2.536000000000e-05 3.520134703012e-04
2.537000000000e-05 3.505854765891e-04
2.538000000000e-05 3.491632180990e-04
2.539000000000e-05 3.477466720807e-04
2.540000000000e-05 3.463358158731e-04
2.541000000000e-05 3.449306269035e-04
2.542000000000e-05 3.435310826872e-04
2.543000000000e-05 3.421371608274e-04
2.544000000000e-05 3.407488390149e-04
2.545000000000e-05 3.393660950276e-04
2.546000000000e-05 3.379889067299e-04
2.547000000000e-05 3.366172520732e-04
2.548000000000e-05 3.352511090946e-04
2.549000000000e-05 3.338904559173e-04
2.550000000000e-05 3.325352707498e-04
2.551000000000e-05 3.311855318859e-04
2.552000000000e-05 3.298412177041e-04
2.553000000000e-05 3.285023066675e-04
2.554000000000e-05 3.271687773234e-04
2.555000000000e-05 3.258406083029e-04
2.556000000000e-05 3.245177783206e-04
2.557000000000e-05 3.232002661746e-04
2.558000000000e-05 3.218880507454e-04
2.559000000000e-05 3.205811109967e-04
2.560000000000e-05 3.192794259739e-04
2.561000000000e-05 3.179829748047e-04
2.562000000000e-05 3.166917366983e-04
2.563000000000e-05 3.154056909453e-04
2.564000000000e-05 3.141248169174e-04
2.565000000000e-05 3.128490940666e-04
2.566000000000e-05 3.115785019259e-04
2.567000000000e-05 3.103130201078e-04
2.568000000000e-05 3.090526283050e-04
2.569000000000e-05 3.077973062895e-04
2.570000000000e-05 3.065470339125e-04
2.571000000000e-05 3.053017911040e-04
2.572000000000e-05 3.040615578727e-04
2.573000000000e-05 3.028263143054e-04
2.574000000000e-05 3.015960405669e-04
2.575000000000e-05 3.003707168998e-04
2.576000000000e-05 2.991503236239e-04
2.577000000000e-05 2.979348411362e-04
2.578000000000e-05 2.967242499103e-04
2.579000000000e-05 2.955185304965e-04
2.580000000000e-05 2.943176635210e-04
2.581000000000e-05 2.931216296861e-04
2.582000000000e-05 2.919304097696e-04
2.583000000000e-05 2.907439846248e-04
2.584000000000e-05 2.895623351798e-04
2.585000000000e-05 2.883854424374e-04
2.586000000000e-05 2.872132874750e-04
2.587000000000e-05 2.860458514442e-04
2.588000000000e-05 2.848831155702e-04
2.589000000000e-05 2.837250611521e-04
2.590000000000e-05 2.825716695620e-04
2.591000000000e-05 2.814229222453e-04
2.592000000000e-05 2.802788007200e-04
2.593000000000e-05 2.791392865767e-04
2.594000000000e-05 2.780043614778e-04
2.595000000000e-05 2.768740071582e-04
2.596000000000e-05 2.757482054238e-04
2.597000000000e-05 2.746269381524e-04
2.598000000000e-05 2.735101872926e-04
2.599000000000e-05 2.723979348638e-04
2.600000000000e-05 2.712901629560e-04
2.601000000000e-05 2.701868537294e-04
2.602000000000e-05 2.690879894143e-04
2.603000000000e-05 2.679935523106e-04
2.604000000000e-05 2.669035247878e-04
2.605000000000e-05 2.658178892845e-04
2.606000000000e-05 2.647366283082e-04
2.607000000000e-05 2.636597244350e-04
2.608000000000e-05 2.625871603096e-04
2.609000000000e-05 2.615189186446e-04
2.610000000000e-05 2.604549822206e-04
2.611000000000e-05 2.593953338858e-04
2.612000000000e-05 2.583399565556e-04
2.613000000000e-05 2.572888332127e-04
2.614000000000e-05 2.562419469065e-04
2.615000000000e-05 2.551992807530e-04
2.616000000000e-05 2.541608179345e-04
2.617000000000e-05 2.531265416992e-04
2.618000000000e-05 2.520964353615e-04
2.619000000000e-05 2.510704823009e-04
2.620000000000e-05 2.500486659626e-04
2.621000000000e-05 2.490309698564e-04
2.622000000000e-05 2.480173775573e-04
2.623000000000e-05 2.470078727047e-04
2.624000000000e-05 2.460024390021e-04
2.625000000000e-05 2.450010602174e-04
2.626000000000e-05 2.440037201820e-04
2.627000000000e-05 2.430104027909e-04
2.628000000000e-05 2.420210920027e-04
2.629000000000e-05 2.410357718386e-04
2.630000000000e-05 2.400544263830e-04
2.631000000000e-05 2.390770397827e-04
2.632000000000e-05 2.381035962469e-04
2.633000000000e-05 2.371340800467e-04
2.634000000000e-05 2.361684755154e-04
2.635000000000e-05 2.352067670477e-04
2.636000000000e-05 2.342489390996e-04
2.637000000000e-05 2.332949761885e-04
2.638000000000e-05 2.323448628925e-04
2.639000000000e-05 2.313985838503e-04
2.640000000000e-05 2.304561237614e-04
2.641000000000e-05 2.295174673852e-04
2.642000000000e-05 2.285825995410e-04
2.643000000000e-05 2.276515051081e-04
2.644000000000e-05 2.267241690251e-04
2.645000000000e-05 2.258005762900e-04
2.646000000000e-05 2.248807119599e-04
2.647000000000e-05 2.239645611505e-04
2.648000000000e-05 2.230521090362e-04
2.649000000000e-05 2.221433408499e-04
2.650000000000e-05 2.212382418825e-04
2.651000000000e-05 2.203367974828e-04
2.652000000000e-05 2.194389930573e-04
2.653000000000e-05 2.185448140701e-04
2.654000000000e-05 2.176542460424e-04
2.655000000000e-05 2.167672745524e-04
2.656000000000e-05 2.158838852353e-04
2.657000000000e-05 2.150040637827e-04
2.658000000000e-05 2.141277959426e-04
2.659000000000e-05 2.132550675193e-04
2.660000000000e-05 2.123858643727e-04
2.661000000000e-05 2.115201724188e-04
2.662000000000e-05 2.106579776289e-04
2.663000000000e-05 2.097992660295e-04
2.664000000000e-05 2.089440237022e-04
2.665000000000e-05 2.080922367838e-04
2.666000000000e-05 2.072438914652e-04
2.667000000000e-05 2.063989739922e-04
2.668000000000e-05 2.055574706644e-04
2.669000000000e-05 2.047193678359e-04
2.670000000000e-05 2.038846519141e-04
2.671000000000e-05 2.030533093603e-04
2.672000000000e-05 2.022253266892e-04
2.673000000000e-05 2.014006904685e-04
2.674000000000e-05 2.005793873190e-04
2.675000000000e-05 1.997614039142e-04
2.676000000000e-05 1.989467269803e-04
2.677000000000e-05 1.981353432956e-04
2.678000000000e-05 1.973272396908e-04
2.679000000000e-05 1.965224030485e-04
2.680000000000e-05 1.957208203029e-04
2.681000000000e-05 1.949224784400e-04
2.682000000000e-05 1.941273644970e-04
2.683000000000e-05 1.933354655622e-04
2.684000000000e-05 1.925467687751e-04
2.685000000000e-05 1.917612613255e-04
2.686000000000e-05 1.909789304544e-04
2.687000000000e-05 1.901997634525e-04
2.688000000000e-05 1.894237476612e-04
2.689000000000e-05 1.886508704716e-04
2.690000000000e-05 1.878811193245e-04
2.691000000000e-05 1.871144817107e-04
2.692000000000e-05 1.863509451699e-04
2.693000000000e-05 1.855904972912e-04
2.694000000000e-05 1.848331257129e-04
2.695000000000e-05 1.840788181219e-04
2.696000000000e-05 1.833275622538e-04
2.697000000000e-05 1.825793458925e-04
2.698000000000e-05 1.818341568705e-04
2.699000000000e-05 1.810919830679e-04
2.700000000000e-05 1.803528124132e-04
2.701000000000e-05 1.796166328822e-04
2.702000000000e-05 1.788834324983e-04
2.703000000000e-05 1.781531993323e-04
2.704000000000e-05 1.774259215021e-04
2.705000000000e-05 1.767015871727e-04
2.706000000000e-05 1.759801845555e-04
2.707000000000e-05 1.752617019090e-04
2.708000000000e-05 1.745461275376e-04
2.709000000000e-05 1.738334497923e-04
2.710000000000e-05 1.731236570701e-04
2.711000000000e-05 1.724167378137e-04
2.712000000000e-05 1.717126805117e-04
2.713000000000e-05 1.710114736980e-04
2.714000000000e-05 1.703131059520e-04
2.715000000000e-05 1.696175658983e-04
2.716000000000e-05 1.689248422063e-04
2.717000000000e-05 1.682349235905e-04
2.718000000000e-05 1.675477988097e-04
2.719000000000e-05 1.668634566674e-04
2.720000000000e-05 1.661818860113e-04
2.721000000000e-05 1.655030757333e-04
2.722000000000e-05 1.648270147692e-04
2.723000000000e-05 1.641536920985e-04
2.724000000000e-05 1.634830967445e-04
2.725000000000e-05 1.628152177737e-04
2.726000000000e-05 1.621500442960e-04
2.727000000000e-05 1.614875654645e-04
2.728000000000e-05 1.608277704750e-04
2.729000000000e-05 1.601706485663e-04
2.730000000000e-05 1.595161890195e-04
2.731000000000e-05 1.588643811585e-04
2.732000000000e-05 1.582152143493e-04
2.733000000000e-05 1.575686779998e-04
2.734000000000e-05 1.569247615602e-04
2.735000000000e-05 1.562834545223e-04
2.736000000000e-05 1.556447464194e-04
2.737000000000e-05 1.550086268265e-04
2.738000000000e-05 1.543750853596e-04
2.739000000000e-05 1.537441116761e-04
2.740000000000e-05 1.531156954743e-04
2.741000000000e-05 1.524898264931e-04
2.742000000000e-05 1.518664945124e-04
2.743000000000e-05 1.512456893522e-04
2.744000000000e-05 1.506274008732e-04
2.745000000000e-05 1.500116189761e-04
2.746000000000e-05 1.493983336015e-04
2.747000000000e-05 1.487875347301e-04
2.748000000000e-05 1.481792123822e-04
2.749000000000e-05 1.475733566176e-04
2.750000000000e-05 1.469699575357e-04
2.751000000000e-05 1.463690052748e-04
2.752000000000e-05 1.457704900126e-04
2.753000000000e-05 1.451744019656e-04
2.754000000000e-05 1.445807313891e-04
2.755000000000e-05 1.439894685771e-04
2.756000000000e-05 1.434006038620e-04
2.757000000000e-05 1.428141276146e-04
2.758000000000e-05 1.422300302439e-04
2.759000000000e-05 1.416483021968e-04
2.760000000000e-05 1.410689339582e-04
2.761000000000e-05 1.404919160508e-04
2.762000000000e-05 1.399172390347e-04
2.763000000000e-05 1.393448935077e-04
2.764000000000e-05 1.387748701047e-04
2.765000000000e-05 1.382071594978e-04
2.766000000000e-05 1.376417523961e-04
2.767000000000e-05 1.370786395456e-04
2.768000000000e-05 1.365178117291e-04
2.769000000000e-05 1.359592597658e-04
2.770000000000e-05 1.354029745115e-04
2.771000000000e-05 1.348489468581e-04
2.772000000000e-05 1.342971677339e-04
2.773000000000e-05 1.337476281029e-04
2.774000000000e-05 1.332003189653e-04
2.775000000000e-05 1.326552313568e-04
2.776000000000e-05 1.321123563487e-04
2.777000000000e-05 1.315716850479e-04
2.778000000000e-05 1.310332085966e-04
2.779000000000e-05 1.304969181718e-04
2.780000000000e-05 1.299628049861e-04
2.781000000000e-05 1.294308602866e-04
2.782000000000e-05 1.289010753553e-04
2.783000000000e-05 1.283734415088e-04
2.784000000000e-05 1.278479500983e-04
2.785000000000e-05 1.273245925091e-04
2.786000000000e-05 1.268033601609e-04
2.787000000000e-05 1.262842445076e-04
2.788000000000e-05 1.257672370368e-04
2.789000000000e-05 1.252523292700e-04
2.790000000000e-05 1.247395127626e-04
2.791000000000e-05 1.242287791032e-04
2.792000000000e-05 1.237201199141e-04
2.793000000000e-05 1.232135268508e-04
2.794000000000e-05 1.227089916019e-04
2.795000000000e-05 1.222065058892e-04
2.796000000000e-05 1.217060614672e-04
2.797000000000e-05 1.212076501234e-04
2.798000000000e-05 1.207112636778e-04
2.799000000000e-05 1.202168939829e-04
2.800000000000e-05 1.197245329236e-04
2.801000000000e-05 1.192341724173e-04
2.802000000000e-05 1.187458044132e-04
2.803000000000e-05 1.182594208926e-04
2.804000000000e-05 1.177750138690e-04
2.805000000000e-05 1.172925753871e-04
2.806000000000e-05 1.168120975238e-04
2.807000000000e-05 1.163335723872e-04
2.808000000000e-05 1.158569921169e-04
2.809000000000e-05 1.153823488836e-04
2.810000000000e-05 1.149096348894e-04
2.811000000000e-05 1.144388423672e-04
2.812000000000e-05 1.139699635810e-04
2.813000000000e-05 1.135029908255e-04
2.814000000000e-05 1.130379164259e-04
2.815000000000e-05 1.125747327382e-04
2.816000000000e-05 1.121134321486e-04
2.817000000000e-05 1.116540070739e-04
2.818000000000e-05 1.111964499607e-04
2.819000000000e-05 1.107407532859e-04
2.820000000000e-05 1.102869095564e-04
2.821000000000e-05 1.098349113087e-04
2.822000000000e-05 1.093847511092e-04
2.823000000000e-05 1.089364215539e-04
2.824000000000e-05 1.084899152681e-04
2.825000000000e-05 1.080452249066e-04
2.826000000000e-05 1.076023431534e-04
2.827000000000e-05 1.071612627218e-04
2.828000000000e-05 1.067219763538e-04
2.829000000000e-05 1.062844768206e-04
2.830000000000e-05 1.058487569221e-04
2.831000000000e-05 1.054148094868e-04
2.832000000000e-05 1.049826273718e-04
2.833000000000e-05 1.045522034627e-04
2.834000000000e-05 1.041235306734e-04
2.835000000000e-05 1.036966019461e-04
2.836000000000e-05 1.032714102510e-04
2.837000000000e-05 1.028479485865e-04
2.838000000000e-05 1.024262099786e-04
2.839000000000e-05 1.020061874815e-04
2.840000000000e-05 1.015878741766e-04
2.841000000000e-05 1.011712631734e-04
2.842000000000e-05 1.007563476083e-04
2.843000000000e-05 1.003431206455e-04
2.844000000000e-05 9.993157547635e-05
2.845000000000e-05 9.952170531918e-05
2.846000000000e-05 9.911350341948e-05
2.847000000000e-05 9.870696304967e-05
2.848000000000e-05 9.830207750897e-05
2.849000000000e-05 9.789884012331e-05
2.850000000000e-05 9.749724424525e-05
2.851000000000e-05 9.709728325385e-05
2.852000000000e-05 9.669895055458e-05
2.853000000000e-05 9.630223957919e-05
2.854000000000e-05 9.590714378566e-05
2.855000000000e-05 9.551365665803e-05
2.856000000000e-05 9.512177170635e-05
2.857000000000e-05 9.473148246656e-05
2.858000000000e-05 9.434278250037e-05
2.859000000000e-05 9.395566539521e-05
2.860000000000e-05 9.357012476404e-05
2.861000000000e-05 9.318615424537e-05
2.862000000000e-05 9.280374750303e-05
2.863000000000e-05 9.242289822618e-05
2.864000000000e-05 9.204360012915e-05
2.865000000000e-05 9.166584695134e-05
2.866000000000e-05 9.128963245715e-05
2.867000000000e-05 9.091495043588e-05
2.868000000000e-05 9.054179470159e-05
2.869000000000e-05 9.017015909307e-05
2.870000000000e-05 8.980003747367e-05
2.871000000000e-05 8.943142373127e-05
2.872000000000e-05 8.906431177812e-05
2.873000000000e-05 8.869869555080e-05
2.874000000000e-05 8.833456901009e-05
2.875000000000e-05 8.797192614089e-05
2.876000000000e-05 8.761076095213e-05
2.877000000000e-05 8.725106747663e-05
2.878000000000e-05 8.689283977109e-05
2.879000000000e-05 8.653607191590e-05
2.880000000000e-05 8.618075801513e-05
2.881000000000e-05 8.582689219639e-05
2.882000000000e-05 8.547446861074e-05
2.883000000000e-05 8.512348143261e-05
2.884000000000e-05 8.477392485970e-05
2.885000000000e-05 8.442579311291e-05
2.886000000000e-05 8.407908043621e-05
2.887000000000e-05 8.373378109658e-05
2.888000000000e-05 8.338988938389e-05
2.889000000000e-05 8.304739961086e-05
2.890000000000e-05 8.270630611292e-05
2.891000000000e-05 8.236660324814e-05
2.892000000000e-05 8.202828539715e-05
2.893000000000e-05 8.169134696301e-05
2.894000000000e-05 8.135578237119e-05
2.895000000000e-05 8.102158606944e-05
2.896000000000e-05 8.068875252767e-05
2.897000000000e-05 8.035727623794e-05
2.898000000000e-05 8.002715171431e-05
2.899000000000e-05 7.969837349278e-05
2.900000000000e-05 7.937093613120e-05
2.901000000000e-05 7.904483420918e-05
2.902000000000e-05 7.872006232800e-05
2.903000000000e-05 7.839661511055e-05
2.904000000000e-05 7.807448720120e-05
2.905000000000e-05 7.775367326575e-05
2.906000000000e-05 7.743416799135e-05
2.907000000000e-05 7.711596608639e-05
2.908000000000e-05 7.679906228042e-05
2.909000000000e-05 7.648345132409e-05
2.910000000000e-05 7.616912798904e-05
2.911000000000e-05 7.585608706783e-05
2.912000000000e-05 7.554432337387e-05
2.913000000000e-05 7.523383174130e-05
2.914000000000e-05 7.492460702494e-05
2.915000000000e-05 7.461664410021e-05
2.916000000000e-05 7.430993786304e-05
2.917000000000e-05 7.400448322976e-05
2.918000000000e-05 7.370027513708e-05
2.919000000000e-05 7.339730854196e-05
2.920000000000e-05 7.309557842154e-05
2.921000000000e-05 7.279507977309e-05
2.922000000000e-05 7.249580761389e-05
2.923000000000e-05 7.219775698116e-05
2.924000000000e-05 7.190092293201e-05
2.925000000000e-05 7.160530054334e-05
2.926000000000e-05 7.131088491174e-05
2.927000000000e-05 7.101767115346e-05
2.928000000000e-05 7.072565440429e-05
2.929000000000e-05 7.043482981950e-05
2.930000000000e-05 7.014519257379e-05
2.931000000000e-05 6.985673786115e-05
2.932000000000e-05 6.956946089484e-05
2.933000000000e-05 6.928335690729e-05
2.934000000000e-05 6.899842115003e-05
2.935000000000e-05 6.871464889360e-05
2.936000000000e-05 6.843203542751e-05
2.937000000000e-05 6.815057606012e-05
2.938000000000e-05 6.787026611860e-05
2.939000000000e-05 6.759110094885e-05
2.940000000000e-05 6.731307591539e-05
2.941000000000e-05 6.703618640135e-05
2.942000000000e-05 6.676042780834e-05
2.943000000000e-05 6.648579555641e-05
2.944000000000e-05 6.621228508396e-05
2.945000000000e-05 6.593989184768e-05
2.946000000000e-05 6.566861132247e-05
2.947000000000e-05 6.539843900135e-05
2.948000000000e-05 6.512937039544e-05
2.949000000000e-05 6.486140103382e-05
2.950000000000e-05 6.459452646353e-05
2.951000000000e-05 6.432874224943e-05
2.952000000000e-05 6.406404397420e-05
2.953000000000e-05 6.380042723819e-05
2.954000000000e-05 6.353788765943e-05
2.955000000000e-05 6.327642087349e-05
2.956000000000e-05 6.301602253348e-05
2.957000000000e-05 6.275668830991e-05
2.958000000000e-05 6.249841389066e-05
2.959000000000e-05 6.224119498093e-05
2.960000000000e-05 6.198502730312e-05
2.961000000000e-05 6.172990659681e-05
2.962000000000e-05 6.147582861864e-05
2.963000000000e-05 6.122278914232e-05
2.964000000000e-05 6.097078395847e-05
2.965000000000e-05 6.071980887463e-05
2.966000000000e-05 6.046985971515e-05
2.967000000000e-05 6.022093232113e-05
2.968000000000e-05 5.997302255037e-05
2.969000000000e-05 5.972612627729e-05
2.970000000000e-05 5.948023939286e-05
2.971000000000e-05 5.923535780455e-05
2.972000000000e-05 5.899147743626e-05
2.973000000000e-05 5.874859422822e-05
2.974000000000e-05 5.850670413700e-05
2.975000000000e-05 5.826580313537e-05
2.976000000000e-05 5.802588721228e-05
2.977000000000e-05 5.778695237278e-05
2.978000000000e-05 5.754899463796e-05
2.979000000000e-05 5.731201004488e-05
2.980000000000e-05 5.707599464653e-05
2.981000000000e-05 5.684094451172e-05
2.982000000000e-05 5.660685572507e-05
2.983000000000e-05 5.637372438692e-05
2.984000000000e-05 5.614154661326e-05
2.985000000000e-05 5.591031853569e-05
2.986000000000e-05 5.568003630135e-05
2.987000000000e-05 5.545069607283e-05
2.988000000000e-05 5.522229402817e-05
2.989000000000e-05 5.499482636073e-05
2.990000000000e-05 5.476828927920e-05
2.991000000000e-05 5.454267900747e-05
2.992000000000e-05 5.431799178460e-05
2.993000000000e-05 5.409422386479e-05
2.994000000000e-05 5.387137151726e-05
2.995000000000e-05 5.364943102624e-05
2.996000000000e-05 5.342839869088e-05
2.997000000000e-05 5.320827082521e-05
2.998000000000e-05 5.298904375808e-05
2.999000000000e-05 5.277071383307e-05
3.000000000000e-05 5.255327740848e-05
3.001000000000e-05 5.233673085724e-05
3.002000000000e-05 5.212107056685e-05
3.003000000000e-05 5.190629293934e-05
3.004000000000e-05 5.169239439122e-05
3.005000000000e-05 5.147937135338e-05
3.006000000000e-05 5.126722027106e-05
3.007000000000e-05 5.105593760382e-05
3.008000000000e-05 5.084551982542e-05
3.009000000000e-05 5.063596342382e-05
3.010000000000e-05 5.042726490111e-05
3.011000000000e-05 5.021942077343e-05
3.012000000000e-05 5.001242757092e-05
3.013000000000e-05 4.980628183772e-05
3.014000000000e-05 4.960098013181e-05
3.015000000000e-05 4.939651902507e-05
3.016000000000e-05 4.919289510312e-05
3.017000000000e-05 4.899010496536e-05
3.018000000000e-05 4.878814522483e-05
3.019000000000e-05 4.858701250823e-05
3.020000000000e-05 4.838670345580e-05
3.021000000000e-05 4.818721472131e-05
3.022000000000e-05 4.798854297202e-05
3.023000000000e-05 4.779068488855e-05
3.024000000000e-05 4.759363716491e-05
3.025000000000e-05 4.739739650841e-05
3.026000000000e-05 4.720195963960e-05
3.027000000000e-05 4.700732329225e-05
3.028000000000e-05 4.681348421324e-05
3.029000000000e-05 4.662043916258e-05
3.030000000000e-05 4.642818491330e-05
3.031000000000e-05 4.623671825142e-05
3.032000000000e-05 4.604603597591e-05
3.033000000000e-05 4.585613489861e-05
3.034000000000e-05 4.566701184421e-05
3.035000000000e-05 4.547866365018e-05
3.036000000000e-05 4.529108716671e-05
3.037000000000e-05 4.510427925668e-05
3.038000000000e-05 4.491823679562e-05
3.039000000000e-05 4.473295667162e-05
3.040000000000e-05 4.454843578530e-05
3.041000000000e-05 4.436467104978e-05
3.042000000000e-05 4.418165939060e-05
3.043000000000e-05 4.399939774567e-05
3.044000000000e-05 4.381788306526e-05
3.045000000000e-05 4.363711231191e-05
3.046000000000e-05 4.345708246040e-05
3.047000000000e-05 4.327779049768e-05
3.048000000000e-05 4.309923342287e-05
3.049000000000e-05 4.292140824714e-05
3.050000000000e-05 4.274431199373e-05
3.051000000000e-05 4.256794169787e-05
3.052000000000e-05 4.239229440673e-05
3.053000000000e-05 4.221736717938e-05
3.054000000000e-05 4.204315708673e-05
3.055000000000e-05 4.186966121152e-05
3.056000000000e-05 4.169687664822e-05
3.057000000000e-05 4.152480050303e-05
3.058000000000e-05 4.135342989379e-05
3.059000000000e-05 4.118276194998e-05
3.060000000000e-05 4.101279381264e-05
3.061000000000e-05 4.084352263433e-05
3.062000000000e-05 4.067494557910e-05
3.063000000000e-05 4.050705982243e-05
3.064000000000e-05 4.033986255116e-05
3.065000000000e-05 4.017335096352e-05
3.066000000000e-05 4.000752226900e-05
3.067000000000e-05 3.984237368835e-05
3.068000000000e-05 3.967790245353e-05
3.069000000000e-05 3.951410580767e-05
3.070000000000e-05 3.935098100499e-05
3.071000000000e-05 3.918852531082e-05
3.072000000000e-05 3.902673600149e-05
3.073000000000e-05 3.886561036433e-05
3.074000000000e-05 3.870514569761e-05
3.075000000000e-05 3.854533931048e-05
3.076000000000e-05 3.838618852297e-05
3.077000000000e-05 3.822769066591e-05
3.078000000000e-05 3.806984308088e-05
3.079000000000e-05 3.791264312022e-05
3.080000000000e-05 3.775608814693e-05
3.081000000000e-05 3.760017553464e-05
3.082000000000e-05 3.744490266760e-05
3.083000000000e-05 3.729026694060e-05
3.084000000000e-05 3.713626575895e-05
3.085000000000e-05 3.698289653842e-05
3.086000000000e-05 3.683015670521e-05
3.087000000000e-05 3.667804369594e-05
3.088000000000e-05 3.652655495752e-05
3.089000000000e-05 3.637568794720e-05
3.090000000000e-05 3.622544013249e-05
3.091000000000e-05 3.607580899112e-05
3.092000000000e-05 3.592679201100e-05
3.093000000000e-05 3.577838669018e-05
3.094000000000e-05 3.563059053680e-05
3.095000000000e-05 3.548340106908e-05
3.096000000000e-05 3.533681581525e-05
3.097000000000e-05 3.519083231353e-05
3.098000000000e-05 3.504544811206e-05
3.099000000000e-05 3.490066076889e-05
3.100000000000e-05 3.475646785193e-05
3.200000000000e-05 3.475646785193e-05
